date,home_team,away_team,home_score,away_score,tournament,neutral,home_elo_pre,away_elo_pre,home_fifa_pre,away_fifa_pre,home_form_pre,away_form_pre,match_weight
2022-07-27,Japan,Korea Republic,3,0,EAFF Championship,FALSE,1761,1815,1646,1632,69,72,0.8
2022-08-31,Mexico,Paraguay,0,1,Friendly,TRUE,1840,1684,1676,1407,66,46,0.6
2022-09-22,Australia,New Zealand,1,0,Friendly,FALSE,1707,1635,1555,1411,59,67,0.6
2022-09-22,France,Austria,2,0,UEFA Nations League,FALSE,1993,1702,1819,1420,68,60,1
2022-09-23,Japan,USA,2,0,Kirin Challenge Cup,TRUE,1785,1839,1651,1678,70,67,0.8
2022-09-23,Brazil,Ghana,3,0,Friendly,TRUE,2168,1530,1886,1429,76,52,0.6
2022-09-23,Canada,Qatar,2,0,Friendly,TRUE,1799,1655,1511,1493,70,65,0.6
2022-09-23,IR Iran,Uruguay,1,0,Friendly,TRUE,1816,1926,1671,1652,70,68,0.6
2022-09-23,Saudi Arabia,Ecuador,0,0,Friendly,TRUE,1636,1824,1505,1481,55,64,0.6
2022-09-24,Czechia,Portugal,0,4,UEFA Nations League,FALSE,1779,1972,1494,1709,61,70,1
2022-09-24,Spain,Switzerland,1,2,UEFA Nations League,FALSE,2029,1863,1810,1605,72,59,1
2022-09-25,New Zealand,Australia,0,2,Friendly,FALSE,1628,1714,1407,1559,63,63,0.6
2022-09-25,Austria,Croatia,1,3,UEFA Nations League,FALSE,1694,1854,1417,1629,56,69,1
2022-09-25,Netherlands,Belgium,1,0,UEFA Nations League,FALSE,1996,2026,1734,1809,75,66,1
2022-09-26,England,Germany,3,3,UEFA Nations League,FALSE,1893,1926,1738,1749,61,68,1
2022-09-27,Brazil,Tunisia,5,1,Friendly,TRUE,2169,1696,1888,1464,79,69,0.6
2022-09-27,Canada,Uruguay,0,2,Friendly,TRUE,1810,1912,1516,1647,71,68,0.6
2022-09-27,Ecuador,Japan,0,0,Kirin Challenge Cup,TRUE,1819,1814,1481,1656,61,70,0.8
2022-09-27,IR Iran,Senegal,1,1,Friendly,TRUE,1830,1708,1676,1578,70,66,0.6
2022-09-27,Mexico,Colombia,2,3,Friendly,TRUE,1836,1884,1672,1630,65,65,0.6
2022-09-27,Paraguay,Morocco,0,0,Friendly,TRUE,1705,1750,1420,1562,55,68,0.6
2022-09-27,Saudi Arabia,USA,0,0,Friendly,TRUE,1641,1811,1505,1673,53,62,0.6
2022-09-27,Portugal,Spain,0,1,UEFA Nations League,FALSE,2004,1993,1713,1799,70,68,1
2022-09-27,Switzerland,Czechia,2,1,UEFA Nations League,FALSE,1898,1746,1616,1490,60,58,1
2022-11-07,Qatar,Panama,2,1,Friendly,TRUE,1661,1682,1495,1424,66,64,0.6
2022-11-09,Mexico,Iraq,4,0,Friendly,TRUE,1827,1580,1667,1427,61,62,0.6
2022-11-10,Saudi Arabia,Panama,1,1,Friendly,TRUE,1649,1671,1508,1419,60,60,0.6
2022-11-12,Iraq,Ecuador,0,0,Friendly,TRUE,1571,1818,1424,1483,60,58,0.6
2022-11-16,IR Iran,Tunisia,0,2,Friendly,TRUE,1828,1692,1676,1463,70,68,0.6
2022-11-16,Mexico,Sweden,1,2,Friendly,TRUE,1835,1679,1670,1536,62,49,0.6
2022-11-16,Saudi Arabia,Croatia,0,1,Friendly,FALSE,1650,1883,1507,1633,60,71,0.6
2022-11-16,Türkiye,Scotland,2,1,Friendly,FALSE,1631,1705,1455,1433,67,66,0.6
2022-11-17,Japan,Canada,1,2,Friendly,TRUE,1814,1793,1655,1511,67,63,0.6
2022-11-17,Jordan,Spain,1,3,Friendly,FALSE,1592,2022,1405,1806,75,71,0.6
2022-11-17,Switzerland,Ghana,0,2,Friendly,TRUE,1907,1534,1622,1430,60,55,0.6
2022-11-18,Egypt,Belgium,2,1,Friendly,TRUE,1639,2008,1516,1800,64,65,0.6
2022-11-19,Colombia,Paraguay,2,0,Friendly,TRUE,1894,1702,1636,1417,68,55,0.6
2022-11-19,Sweden,Algeria,2,0,Friendly,FALSE,1694,1722,1542,1530,54,71,0.6
2022-11-19,Türkiye,Czechia,2,1,Friendly,FALSE,1641,1738,1460,1485,67,55,0.6
2022-11-20,Qatar,Ecuador,0,2,FIFA World Cup,FALSE,1679,1812,1502,1482,65,58,1
2022-11-21,Senegal,Netherlands,0,2,FIFA World Cup,TRUE,1711,2014,1579,1743,63,74,1
2022-11-21,England,IR Iran,6,2,FIFA World Cup,TRUE,1889,1805,1738,1669,61,65,1
2022-11-22,Argentina,Saudi Arabia,1,2,FIFA World Cup,TRUE,2134,1642,1817,1504,79,56,1
2022-11-22,France,Australia,4,1,FIFA World Cup,TRUE,1968,1731,1811,1563,64,66,1
2022-11-23,Germany,Japan,1,2,FIFA World Cup,TRUE,1935,1802,1751,1648,65,65,1
2022-11-23,Morocco,Croatia,0,0,FIFA World Cup,TRUE,1761,1891,1563,1637,69,71,1
2022-11-23,Belgium,Canada,1,0,FIFA World Cup,TRUE,1989,1805,1793,1518,61,63,1
2022-11-24,Uruguay,Korea Republic,0,0,FIFA World Cup,TRUE,1924,1792,1651,1632,72,68,1
2022-11-24,Portugal,Ghana,3,2,FIFA World Cup,TRUE,1979,1563,1710,1437,69,58,1
2022-11-25,Qatar,Senegal,1,3,FIFA World Cup,FALSE,1632,1694,1475,1561,65,61,1
2022-11-25,Netherlands,Ecuador,1,1,FIFA World Cup,TRUE,2031,1859,1761,1509,77,61,1
2022-11-25,England,USA,0,0,FIFA World Cup,TRUE,1938,1800,1760,1662,61,61,1
2022-11-26,Argentina,Mexico,2,0,FIFA World Cup,TRUE,2072,1816,1778,1657,77,58,1
2022-11-26,Tunisia,Australia,0,1,FIFA World Cup,TRUE,1732,1705,1477,1548,70,63,1
2022-11-27,Spain,Germany,1,1,FIFA World Cup,TRUE,2058,1891,1821,1721,73,60,1
2022-11-27,Belgium,Morocco,0,2,FIFA World Cup,TRUE,2007,1772,1806,1566,64,66,1
2022-11-27,Croatia,Canada,4,1,FIFA World Cup,TRUE,1880,1786,1634,1504,69,59,1
2022-11-28,Brazil,Switzerland,1,0,FIFA World Cup,TRUE,2189,1891,1900,1635,80,58,1
2022-11-28,Korea Republic,Ghana,2,3,FIFA World Cup,TRUE,1803,1556,1633,1423,70,58,1
2022-11-28,Portugal,Uruguay,2,0,FIFA World Cup,TRUE,1986,1913,1724,1650,72,73,1
2022-11-29,Ecuador,Senegal,1,2,FIFA World Cup,TRUE,1873,1750,1520,1583,61,65,1
2022-11-29,Qatar,Netherlands,0,2,FIFA World Cup,FALSE,1576,2017,1453,1750,63,74,1
2022-11-29,IR Iran,USA,0,1,FIFA World Cup,TRUE,1804,1812,1665,1667,61,60,1
2022-11-30,Saudi Arabia,Mexico,1,2,FIFA World Cup,TRUE,1663,1795,1517,1637,59,58,1
2022-11-30,Tunisia,France,1,0,FIFA World Cup,TRUE,1696,2021,1455,1842,66,65,1
2022-12-01,Japan,Spain,2,1,FIFA World Cup,TRUE,1804,2044,1645,1816,65,70,1
2022-12-01,Croatia,Belgium,0,0,FIFA World Cup,TRUE,1924,1930,1654,1770,72,62,1
2022-12-01,Canada,Morocco,1,2,FIFA World Cup,TRUE,1742,1849,1484,1603,58,70,1
2022-12-02,Ghana,Uruguay,0,2,FIFA World Cup,TRUE,1608,1873,1459,1628,61,68,1
2022-12-02,Korea Republic,Portugal,2,1,FIFA World Cup,TRUE,1751,2026,1597,1746,66,73,1
2022-12-03,Netherlands,USA,3,1,FIFA World Cup,TRUE,2032,1844,1763,1693,74,60,1
2022-12-03,Argentina,Australia,2,1,FIFA World Cup,TRUE,2112,1786,1813,1598,78,66,1
2022-12-04,England,Senegal,3,0,FIFA World Cup,TRUE,1953,1794,1769,1606,60,65,1
2022-12-05,Japan,Croatia,1,1,FIFA World Cup,TRUE,1856,1925,1679,1659,64,69,1
2022-12-05,Brazil,Korea Republic,4,1,FIFA World Cup,TRUE,2137,1805,1871,1630,80,68,1
2022-12-06,Morocco,Spain,0,0,FIFA World Cup,TRUE,1873,1993,1623,1783,73,66,1
2022-12-06,Portugal,Switzerland,6,1,FIFA World Cup,TRUE,1972,1908,1713,1642,68,60,1
2022-12-09,Croatia,Brazil,1,1,FIFA World Cup,TRUE,1919,2155,1660,1886,71,80,1
2022-12-09,Netherlands,Argentina,2,2,FIFA World Cup,TRUE,2059,2122,1785,1829,77,77,1
2022-12-10,Morocco,Portugal,1,0,FIFA World Cup,TRUE,1883,2028,1631,1736,70,71,1
2022-12-10,England,France,1,2,FIFA World Cup,TRUE,1988,1994,1787,1815,60,61,1
2022-12-13,Argentina,Croatia,3,0,FIFA World Cup,TRUE,2117,1937,1827,1670,77,71,1
2022-12-14,France,Morocco,2,0,FIFA World Cup,TRUE,2027,1928,1839,1661,65,74,1
2022-12-17,Croatia,Morocco,2,1,FIFA World Cup,TRUE,1904,1891,1652,1644,66,70,1
2022-12-18,Argentina,France,3,3,FIFA World Cup,TRUE,2149,2064,1846,1857,77,68,1
2023-01-09,Iraq,Saudi Arabia,2,0,Gulf Cup,FALSE,1574,1643,1428,1498,63,61,0.8
2023-01-16,Iraq,Qatar,2,1,Gulf Cup,FALSE,1599,1547,1435,1438,67,61,0.8
2023-01-28,USA,Colombia,0,0,Friendly,FALSE,1802,1903,1663,1639,55,72,0.6
2023-03-23,Argentina,Panama,2,0,Friendly,FALSE,2142,1662,1846,1419,74,60,0.6
2023-03-24,Australia,Ecuador,3,1,Friendly,FALSE,1776,1829,1582,1497,66,61,0.6
2023-03-24,Japan,Uruguay,1,1,Friendly,FALSE,1862,1893,1678,1646,66,68,0.6
2023-03-24,Korea Republic,Colombia,2,2,Friendly,FALSE,1787,1903,1615,1639,63,72,0.6
2023-03-24,France,Netherlands,4,0,UEFA Euro qualification,FALSE,2071,2064,1856,1787,67,74,1
2023-03-24,Sweden,Belgium,0,3,UEFA Euro qualification,FALSE,1725,1930,1554,1764,63,59,1
2023-03-25,Morocco,Brazil,2,1,Friendly,FALSE,1859,2137,1618,1876,65,76,0.6
2023-03-25,Spain,Norway,3,0,UEFA Euro qualification,FALSE,1983,1684,1775,1426,66,67,1
2023-03-25,Curacao,Canada,0,2,CONCACAF Nations League,FALSE,1392,1718,1179,1464,46,54,1
2023-03-28,Argentina,Curacao,7,0,Friendly,FALSE,2144,1376,1848,1175,74,45,0.6
2023-03-28,Australia,Ecuador,1,2,Friendly,FALSE,1790,1815,1586,1493,70,59,0.6
2023-03-28,Germany,Belgium,2,3,Friendly,FALSE,1947,1959,1746,1772,64,64,0.6
2023-03-28,Japan,Colombia,1,2,Friendly,FALSE,1859,1903,1678,1639,63,69,0.6
2023-03-28,Korea Republic,Uruguay,1,2,Friendly,FALSE,1788,1895,1615,1646,60,66,0.6
2023-03-28,Scotland,Spain,2,0,UEFA Euro qualification,FALSE,1699,1991,1433,1781,65,69,1
2023-03-28,Türkiye,Croatia,0,2,UEFA Euro qualification,FALSE,1664,1919,1471,1672,72,64,1
2023-04-19,USA,Mexico,1,1,Friendly,FALSE,1811,1809,1668,1656,59,60,0.6
2023-06-12,Morocco,Cabo Verde,0,0,Friendly,FALSE,1873,1470,1625,1297,65,67,0.6
2023-06-14,Netherlands,Croatia,2,4,UEFA Nations League,FALSE,2036,1941,1777,1680,72,64,1
2023-06-15,Panama,Canada,0,2,CONCACAF Nations League,TRUE,1695,1744,1429,1473,60,59,1
2023-06-15,USA,Mexico,3,0,CONCACAF Nations League,FALSE,1808,1811,1667,1657,60,63,1
2023-06-15,Argentina,Australia,2,0,Friendly,TRUE,2144,1777,1849,1580,74,66,0.6
2023-06-16,Colombia,Iraq,1,0,Friendly,TRUE,1916,1612,1645,1441,73,67,0.6
2023-06-16,Sweden,New Zealand,4,1,Friendly,FALSE,1703,1610,1549,1408,63,60,0.6
2023-06-17,Norway,Scotland,1,2,UEFA Euro qualification,FALSE,1678,1747,1416,1453,59,68,1
2023-06-17,Belgium,Austria,1,1,UEFA Euro qualification,FALSE,1973,1701,1777,1432,64,64,1
2023-06-17,Portugal,Bosnia and Herzegovina,3,0,UEFA Euro qualification,FALSE,1989,1541,1707,1363,72,63,1
2023-06-17,South Africa,Morocco,2,1,African Cup of Nations qualification,FALSE,1527,1863,1407,1622,69,62,1
2023-06-18,Panama,Mexico,0,1,CONCACAF Nations League,TRUE,1666,1783,1422,1649,58,58,1
2023-06-18,USA,Canada,2,0,CONCACAF Nations League,FALSE,1836,1773,1675,1480,64,63,1
2023-06-18,Croatia,Spain,0,0,UEFA Nations League,TRUE,1990,1965,1690,1768,65,65,1
2023-06-20,Algeria,Tunisia,1,1,Friendly,FALSE,1720,1732,1541,1491,74,66,0.6
2023-06-20,Brazil,Senegal,2,4,Friendly,TRUE,2122,1754,1870,1588,72,65,0.6
2023-06-20,Germany,Colombia,0,2,Friendly,FALSE,1913,1920,1732,1648,57,76,0.6
2023-06-20,Austria,Sweden,2,0,UEFA Euro qualification,FALSE,1718,1713,1439,1553,61,67,1
2023-06-20,Uzbekistan,IR Iran,0,1,CAFA Nations Cup,FALSE,1622,1777,1465,1642,74,65,0.8
2023-06-25,Haiti,Qatar,2,1,Gold Cup,TRUE,1593,1548,1363,1437,70,58,1
2023-06-29,Haiti,Mexico,1,3,Gold Cup,TRUE,1617,1813,1383,1661,74,65,1
2023-07-02,Mexico,Qatar,0,1,Gold Cup,TRUE,1835,1518,1670,1412,69,51,1
2023-07-08,Panama,Qatar,4,0,Gold Cup,TRUE,1679,1565,1447,1438,60,56,1
2023-07-09,USA,Canada,2,2,Gold Cup,FALSE,1842,1724,1681,1471,72,61,1
2023-07-12,USA,Panama,1,1,Gold Cup,FALSE,1827,1715,1675,1464,73,63,1
2023-07-16,Mexico,Panama,1,0,Gold Cup,TRUE,1844,1730,1667,1471,69,63,1
2023-09-07,Argentina,Ecuador,1,0,FIFA World Cup qualification,FALSE,2149,1844,1852,1507,78,63,1
2023-09-07,Norway,Jordan,6,0,Friendly,FALSE,1658,1595,1409,1406,56,69,0.6
2023-09-09,Germany,Japan,1,4,Friendly,FALSE,1892,1863,1726,1678,57,63,0.6
2023-09-09,Mexico,Australia,2,2,Friendly,TRUE,1863,1772,1679,1578,71,61,0.6
2023-09-09,USA,Uzbekistan,3,0,Friendly,FALSE,1813,1607,1668,1461,73,70,0.6
2023-09-12,Ecuador,Uruguay,2,1,FIFA World Cup qualification,FALSE,1840,1918,1501,1663,61,70,1
2023-09-12,Egypt,Tunisia,1,3,Friendly,FALSE,1691,1739,1547,1496,76,65,0.6
2023-09-12,Germany,France,2,1,Friendly,FALSE,1866,2111,1721,1880,54,76,0.6
2023-09-12,Japan,Türkiye,4,2,Friendly,TRUE,1889,1657,1684,1473,66,67,0.6
2023-09-12,Korea Republic,Saudi Arabia,1,0,Friendly,TRUE,1754,1561,1600,1467,54,48,0.6
2023-09-12,Mexico,Uzbekistan,3,3,Friendly,TRUE,1861,1601,1678,1458,68,65,0.6
2023-09-12,Scotland,England,1,3,Friendly,FALSE,1792,1988,1478,1781,77,74,0.6
2023-09-12,Senegal,Algeria,0,1,Friendly,FALSE,1765,1698,1587,1532,65,68,0.6
2023-09-12,South Africa,Congo DR,1,0,Friendly,FALSE,1516,1520,1416,1328,64,65,0.6
2023-09-12,Sweden,Austria,1,3,UEFA Euro qualification,FALSE,1711,1731,1541,1451,71,65,1
2023-10-12,Colombia,Uruguay,2,2,FIFA World Cup qualification,FALSE,1937,1898,1656,1646,73,69,1
2023-10-12,Argentina,Paraguay,1,0,FIFA World Cup qualification,FALSE,2159,1671,1860,1401,78,57,1
2023-10-12,Algeria,Cabo Verde,5,1,Friendly,FALSE,1714,1487,1538,1299,68,64,0.6
2023-10-12,Spain,Scotland,2,0,UEFA Euro qualification,FALSE,1986,1779,1771,1475,68,72,1
2023-10-12,Croatia,Türkiye,0,1,UEFA Euro qualification,FALSE,1994,1650,1696,1470,67,63,1
2023-10-13,Curacao,Panama,1,2,CONCACAF Nations League,FALSE,1348,1724,1164,1466,46,66,1
2023-10-13,Congo DR,New Zealand,1,1,Friendly,TRUE,1512,1600,1324,1404,65,54,0.6
2023-10-13,England,Australia,1,0,Friendly,FALSE,2001,1775,1783,1579,74,61,0.6
2023-10-13,Iraq,Qatar,0,0,Friendly,TRUE,1592,1512,1434,1414,64,53,0.6
2023-10-13,Japan,Canada,4,1,Friendly,FALSE,1897,1738,1687,1478,70,62,0.6
2023-10-13,Korea Republic,Tunisia,4,0,Friendly,FALSE,1760,1758,1604,1502,54,69,0.6
2023-10-13,Netherlands,France,1,2,UEFA Euro qualification,FALSE,1971,2096,1770,1873,64,75,1
2023-10-13,Austria,Belgium,2,3,UEFA Euro qualification,FALSE,1772,1967,1466,1775,69,70,1
2023-10-14,Cote d'Ivoire,Morocco,1,1,Friendly,FALSE,1635,1834,1513,1607,71,61,0.6
2023-10-14,Mexico,Ghana,2,0,Friendly,TRUE,1854,1583,1676,1445,68,68,0.6
2023-10-14,USA,Germany,1,3,Friendly,FALSE,1825,1881,1674,1727,73,55,0.6
2023-10-15,Norway,Spain,0,1,UEFA Euro qualification,FALSE,1695,1997,1428,1778,65,68,1
2023-10-16,Algeria,Egypt,1,1,Friendly,TRUE,1720,1679,1541,1545,69,78,0.6
2023-10-16,Belgium,Sweden,1,1,UEFA Euro qualification,FALSE,1984,1672,1782,1527,73,69,1
2023-10-16,Bosnia and Herzegovina,Portugal,0,5,UEFA Euro qualification,FALSE,1467,2009,1326,1730,59,76,1
2023-10-17,Ecuador,Colombia,0,0,FIFA World Cup qualification,FALSE,1871,1929,1524,1656,67,70,1
2023-10-17,Uruguay,Brazil,2,0,FIFA World Cup qualification,FALSE,1906,2090,1646,1860,66,65,1
2023-10-17,Australia,New Zealand,2,0,Soccer Ashes,TRUE,1772,1597,1575,1404,57,53,0.8
2023-10-17,France,Scotland,4,1,Friendly,FALSE,2117,1768,1884,1469,75,67,0.6
2023-10-17,Cote d'Ivoire,South Africa,1,1,Friendly,FALSE,1637,1516,1514,1417,68,66,0.6
2023-10-17,Mexico,Germany,2,2,Friendly,TRUE,1861,1900,1679,1732,73,59,0.6
2023-10-17,USA,Ghana,4,0,Friendly,FALSE,1806,1577,1670,1442,71,63,0.6
2023-11-16,Colombia,Brazil,2,1,FIFA World Cup qualification,FALSE,1932,2050,1653,1843,68,61,1
2023-11-16,Argentina,Uruguay,0,2,FIFA World Cup qualification,FALSE,2174,1945,1869,1664,81,69,1
2023-11-18,Germany,Türkiye,2,3,Friendly,FALSE,1899,1695,1731,1492,59,70,0.6
2023-11-19,Scotland,Norway,3,3,UEFA Euro qualification,FALSE,1761,1684,1462,1424,62,65,1
2023-11-21,Paraguay,Colombia,0,1,FIFA World Cup qualification,FALSE,1685,1954,1407,1670,54,68,1
2023-11-21,Brazil,Argentina,0,1,FIFA World Cup qualification,FALSE,2028,2117,1825,1852,60,76,1
2023-11-21,Uzbekistan,IR Iran,2,2,FIFA World Cup qualification,FALSE,1639,1800,1474,1652,69,77,1
2023-11-21,Jordan,Saudi Arabia,0,2,FIFA World Cup qualification,FALSE,1560,1544,1388,1461,61,50,1
2023-11-21,Austria,Germany,2,0,Friendly,FALSE,1772,1880,1470,1724,72,55,0.6
2023-12-16,Mexico,Colombia,2,3,Friendly,TRUE,1818,1968,1671,1677,66,70,0.6
2024-01-05,Qatar,Jordan,1,2,Friendly,FALSE,1549,1516,1427,1377,62,56,0.6
2024-01-06,Iraq,Korea Republic,0,1,Friendly,TRUE,1618,1802,1450,1622,65,68,0.6
2024-01-09,Japan,Jordan,6,1,Friendly,TRUE,1913,1531,1699,1382,79,57,0.6
2024-01-10,Tunisia,Cabo Verde,2,0,Friendly,FALSE,1743,1467,1504,1295,69,60,0.6
2024-01-14,Ghana,Cabo Verde,1,2,African Cup of Nations,TRUE,1536,1463,1423,1291,60,56,1
2024-01-18,Egypt,Ghana,2,2,African Cup of Nations,TRUE,1672,1503,1543,1400,72,56,1
2024-01-19,Iraq,Japan,2,1,AFC Asian Cup,TRUE,1624,1923,1455,1707,62,84,1
2024-01-20,Jordan,Korea Republic,2,2,AFC Asian Cup,TRUE,1557,1818,1392,1636,57,74,1
2024-01-21,Morocco,Congo DR,1,1,African Cup of Nations,TRUE,1849,1478,1622,1310,71,59,1
2024-01-22,Cabo Verde,Egypt,2,2,African Cup of Nations,TRUE,1529,1661,1328,1538,60,70,1
2024-01-23,Australia,Uzbekistan,1,1,AFC Asian Cup,TRUE,1809,1644,1605,1483,68,66,1
2024-01-24,South Africa,Tunisia,0,0,African Cup of Nations,TRUE,1506,1698,1400,1479,60,66,1
2024-01-28,Egypt,Congo DR,1,1,African Cup of Nations,TRUE,1652,1488,1532,1314,67,54,1
2024-01-29,Iraq,Jordan,2,3,AFC Asian Cup,TRUE,1678,1536,1491,1380,66,55,1
2024-01-29,Cote d'Ivoire,Senegal,1,1,African Cup of Nations,FALSE,1533,1797,1485,1612,64,73,1
2024-01-30,Saudi Arabia,Korea Republic,1,1,AFC Asian Cup,TRUE,1613,1778,1492,1615,70,75,1
2024-01-30,Morocco,South Africa,0,2,African Cup of Nations,TRUE,1836,1519,1621,1403,71,60,1
2024-02-02,Australia,Korea Republic,1,2,AFC Asian Cup,TRUE,1804,1766,1607,1611,73,75,1
2024-02-03,IR Iran,Japan,2,1,AFC Asian Cup,TRUE,1804,1890,1662,1695,77,80,1
2024-02-03,Qatar,Uzbekistan,1,1,AFC Asian Cup,FALSE,1582,1669,1470,1499,69,71,1
2024-02-03,Cabo Verde,South Africa,0,0,African Cup of Nations,TRUE,1555,1589,1347,1428,60,62,1
2024-02-06,Jordan,Korea Republic,2,0,AFC Asian Cup,TRUE,1589,1797,1415,1629,59,75,1
2024-02-07,Qatar,IR Iran,3,2,AFC Asian Cup,FALSE,1580,1838,1471,1681,71,77,1
2024-02-07,Cote d'Ivoire,Congo DR,1,0,African Cup of Nations,FALSE,1572,1539,1507,1339,66,58,1
2024-02-10,Qatar,Jordan,3,1,AFC Asian Cup,FALSE,1618,1651,1496,1440,73,63,1
2024-02-10,South Africa,Congo DR,0,0,African Cup of Nations,TRUE,1591,1521,1428,1326,60,56,1
2024-03-21,Panama,Mexico,0,3,CONCACAF Nations League,TRUE,1794,1811,1491,1666,74,65,1
2024-03-21,Portugal,Sweden,5,2,Friendly,FALSE,2019,1640,1739,1517,84,67,0.6
2024-03-22,Egypt,New Zealand,1,0,FIFA Series,FALSE,1640,1576,1525,1395,65,48,0.8
2024-03-22,Netherlands,Scotland,4,0,Friendly,FALSE,1966,1751,1772,1461,66,63,0.6
2024-03-22,Norway,Czechia,1,2,Friendly,FALSE,1694,1706,1425,1472,65,67,0.6
2024-03-22,Spain,Colombia,0,1,Friendly,TRUE,2015,1975,1788,1683,77,73,0.6
2024-03-23,Tunisia,Croatia,0,0,FIFA Series,TRUE,1685,1925,1477,1666,66,69,0.8
2024-03-23,England,Brazil,0,1,Friendly,FALSE,2005,2004,1789,1813,77,56,0.6
2024-03-23,France,Germany,0,2,Friendly,FALSE,2105,1864,1877,1717,76,51,0.6
2024-03-24,USA,Mexico,2,0,CONCACAF Nations League,FALSE,1781,1848,1660,1671,66,66,1
2024-03-26,Algeria,South Africa,3,3,FIFA Series,FALSE,1675,1571,1511,1420,71,58,0.8
2024-03-26,Egypt,Croatia,2,4,FIFA Series,FALSE,1650,1916,1529,1664,69,68,0.8
2024-03-26,New Zealand,Tunisia,0,0,FIFA Series,TRUE,1567,1694,1391,1478,47,63,0.8
2024-03-26,Austria,Türkiye,6,1,Friendly,FALSE,1802,1710,1481,1493,73,63,0.6
2024-03-26,England,Belgium,2,2,Friendly,FALSE,1991,1966,1784,1777,73,74,0.6
2024-03-26,Germany,Netherlands,2,1,Friendly,FALSE,1892,1972,1723,1774,55,71,0.6
2024-03-26,Cote d'Ivoire,Uruguay,2,1,Friendly,TRUE,1607,2006,1535,1686,68,74,0.6
2024-03-26,Spain,Brazil,3,3,Friendly,FALSE,2002,2019,1782,1818,72,59,0.6
2024-06-03,England,Bosnia and Herzegovina,3,0,Friendly,FALSE,1987,1398,1784,1284,70,47,0.6
2024-06-05,Mexico,Uruguay,0,4,Friendly,TRUE,1823,1975,1665,1674,62,66,0.6
2024-06-06,Netherlands,Canada,4,0,Friendly,FALSE,1962,1732,1769,1481,66,61,0.6
2024-06-06,Senegal,Congo DR,1,1,FIFA World Cup qualification,FALSE,1793,1526,1612,1329,77,54,1
2024-06-08,Mexico,Brazil,2,3,Friendly,TRUE,1810,2021,1659,1818,59,60,0.6
2024-06-08,Portugal,Croatia,1,2,Friendly,FALSE,1997,1933,1736,1670,78,69,0.6
2024-06-08,Switzerland,Austria,1,1,Friendly,FALSE,1769,1820,1580,1492,63,76,0.6
2024-06-08,USA,Colombia,1,5,Friendly,FALSE,1810,1990,1667,1691,69,73,0.6
2024-06-09,Argentina,Ecuador,1,0,Friendly,TRUE,2143,1864,1867,1536,78,67,0.6
2024-06-09,France,Canada,0,0,Friendly,FALSE,2079,1726,1873,1479,71,56,0.6
2024-06-11,IR Iran,Uzbekistan,0,0,FIFA World Cup qualification,FALSE,1808,1681,1665,1511,76,72,1
2024-06-11,Saudi Arabia,Jordan,1,2,FIFA World Cup qualification,FALSE,1624,1632,1498,1436,71,72,1
2024-06-12,USA,Brazil,1,1,Friendly,FALSE,1793,2027,1663,1821,66,60,0.6
2024-06-14,Germany,Scotland,5,1,UEFA Euro,FALSE,1901,1718,1730,1451,64,52,1
2024-06-15,Spain,Croatia,3,0,UEFA Euro,TRUE,2001,1949,1784,1675,77,72,1
2024-06-16,Panama,Paraguay,0,1,Friendly,FALSE,1743,1663,1490,1396,71,52,0.6
2024-06-17,Austria,France,0,1,UEFA Euro,TRUE,1822,2069,1493,1870,73,69,1
2024-06-18,Portugal,Czechia,2,1,UEFA Euro,TRUE,1984,1727,1732,1483,75,70,1
2024-06-19,Scotland,Switzerland,1,1,UEFA Euro,TRUE,1700,1811,1442,1593,47,66,1
2024-06-20,Argentina,Canada,2,0,Copa América,TRUE,2149,1735,1871,1482,78,57,1
2024-06-21,Netherlands,France,0,0,UEFA Euro,TRUE,1981,2081,1782,1877,75,69,1
2024-06-22,Türkiye,Portugal,0,3,UEFA Euro,TRUE,1730,1995,1496,1743,59,74,1
2024-06-23,Germany,Switzerland,1,1,UEFA Euro,FALSE,1935,1803,1749,1588,69,63,1
2024-06-23,Uruguay,Panama,3,1,Copa América,TRUE,1988,1727,1679,1484,67,70,1
2024-06-24,Colombia,Paraguay,2,1,Copa América,TRUE,2010,1679,1698,1403,74,56,1
2024-06-25,Netherlands,Austria,2,3,UEFA Euro,TRUE,1988,1838,1785,1504,72,71,1
2024-06-26,Czechia,Türkiye,1,2,UEFA Euro,TRUE,1706,1711,1466,1485,68,58,1
2024-06-27,USA,Panama,1,2,Copa América,FALSE,1807,1710,1669,1472,63,65,1
2024-06-28,Paraguay,Brazil,1,4,Copa América,TRUE,1670,2002,1393,1810,52,58,1
2024-06-30,Mexico,Ecuador,0,0,Copa América,TRUE,1791,1854,1641,1531,56,64,1
2024-07-01,France,Belgium,1,0,UEFA Euro,TRUE,2052,1929,1863,1751,67,68,1
2024-07-01,USA,Uruguay,0,1,Copa América,FALSE,1766,2013,1645,1696,63,71,1
2024-07-02,Austria,Türkiye,1,2,UEFA Euro,TRUE,1876,1738,1531,1503,75,59,1
2024-07-02,Brazil,Colombia,1,1,Copa América,TRUE,2016,2030,1816,1718,59,80,1
2024-07-04,Argentina,Ecuador,1,1,Copa América,TRUE,2168,1850,1891,1535,79,64,1
2024-07-05,Germany,Spain,1,2,UEFA Euro,FALSE,1938,2077,1756,1823,69,77,1
2024-07-05,Portugal,France,0,0,UEFA Euro,TRUE,1925,2071,1712,1877,67,67,1
2024-07-06,England,Switzerland,1,1,UEFA Euro,TRUE,1961,1870,1775,1616,63,65,1
2024-07-06,Netherlands,Türkiye,2,1,UEFA Euro,TRUE,1967,1775,1767,1522,72,59,1
2024-07-06,Uruguay,Brazil,0,0,Copa América,TRUE,2032,2017,1713,1813,74,59,1
2024-07-06,Colombia,Panama,5,0,Copa América,TRUE,2029,1771,1721,1505,79,65,1
2024-07-09,Spain,France,2,1,UEFA Euro,TRUE,2103,2061,1839,1872,77,64,1
2024-07-09,Argentina,Canada,2,0,Copa América,TRUE,2150,1754,1880,1492,76,56,1
2024-07-10,Netherlands,England,1,2,UEFA Euro,TRUE,1982,1955,1777,1770,73,61,1
2024-07-10,Uruguay,Colombia,0,1,Copa América,TRUE,2031,2052,1716,1733,71,80,1
2024-07-13,Canada,Uruguay,2,2,Copa América,TRUE,1745,2004,1485,1698,56,67,1
2024-07-14,Spain,England,2,1,UEFA Euro,TRUE,2128,1984,1858,1788,76,63,1
2024-07-14,Argentina,Colombia,1,0,Copa América,TRUE,2159,2078,1887,1750,80,80,1
2024-09-05,Portugal,Croatia,2,1,UEFA Nations League,FALSE,1935,1889,1717,1652,65,65,1
2024-09-06,Egypt,Cabo Verde,3,0,African Cup of Nations qualification,FALSE,1633,1557,1526,1357,64,67,1
2024-09-06,Uruguay,Paraguay,0,0,FIFA World Cup qualification,FALSE,1979,1627,1688,1372,65,50,1
2024-09-06,Brazil,Ecuador,1,0,FIFA World Cup qualification,FALSE,2018,1868,1810,1545,61,64,1
2024-09-07,Mexico,New Zealand,3,0,Friendly,TRUE,1795,1639,1637,1407,58,64,0.6
2024-09-07,USA,Canada,1,2,Friendly,FALSE,1748,1761,1629,1492,59,54,0.6
2024-09-07,Netherlands,Bosnia and Herzegovina,5,2,UEFA Nations League,FALSE,1952,1396,1759,1281,68,47,1
2024-09-08,Portugal,Scotland,2,1,UEFA Nations League,FALSE,1949,1653,1724,1422,64,49,1
2024-09-08,Switzerland,Spain,1,4,UEFA Nations League,FALSE,1844,2132,1612,1869,64,80,1
2024-09-09,France,Belgium,2,0,UEFA Nations League,FALSE,1983,1917,1842,1739,62,67,1
2024-09-09,Norway,Austria,2,1,UEFA Nations League,FALSE,1663,1839,1415,1510,61,68,1
2024-09-10,Mexico,Canada,0,0,Friendly,TRUE,1807,1775,1640,1498,59,57,0.6
2024-09-10,USA,New Zealand,1,1,Friendly,FALSE,1734,1627,1622,1404,54,62,0.6
2024-09-10,Netherlands,Germany,2,2,UEFA Nations League,FALSE,1954,1930,1761,1744,68,73,1
2024-09-10,Colombia,Argentina,2,1,FIFA World Cup qualification,FALSE,2043,2184,1731,1905,73,80,1
2024-09-10,Paraguay,Brazil,1,0,FIFA World Cup qualification,FALSE,1645,2027,1379,1817,51,65,1
2024-10-10,Ecuador,Paraguay,0,0,FIFA World Cup qualification,FALSE,1868,1681,1550,1401,60,52,1
2024-10-10,Uzbekistan,IR Iran,0,0,FIFA World Cup qualification,FALSE,1706,1813,1528,1673,74,72,1
2024-10-10,Jordan,Korea Republic,0,2,FIFA World Cup qualification,FALSE,1653,1758,1457,1614,73,68,1
2024-10-10,Saudi Arabia,Japan,0,2,FIFA World Cup qualification,FALSE,1598,1887,1487,1699,67,76,1
2024-10-11,Bosnia and Herzegovina,Germany,1,2,UEFA Nations League,FALSE,1412,1938,1281,1745,44,70,1
2024-10-12,USA,Panama,2,0,Friendly,FALSE,1728,1748,1620,1494,56,60,0.6
2024-10-12,Croatia,Scotland,2,1,UEFA Nations League,FALSE,1884,1649,1651,1418,65,48,1
2024-10-13,Austria,Norway,5,1,UEFA Nations League,FALSE,1818,1720,1504,1432,65,63,1
2024-10-14,Belgium,France,1,2,UEFA Nations League,FALSE,1905,2006,1733,1850,62,63,1
2024-10-14,Germany,Netherlands,1,0,UEFA Nations League,FALSE,1942,1940,1747,1757,70,66,1
2024-10-15,Canada,Panama,2,1,Friendly,FALSE,1776,1735,1500,1490,55,60,0.6
2024-10-15,Mexico,USA,2,0,Friendly,FALSE,1806,1741,1639,1624,60,60,0.6
2024-10-15,Scotland,Portugal,0,0,UEFA Nations League,FALSE,1642,1975,1413,1732,47,69,1
2024-10-15,Uruguay,Ecuador,0,0,FIFA World Cup qualification,FALSE,1924,1854,1658,1546,60,61,1
2024-10-15,IR Iran,Qatar,4,1,FIFA World Cup qualification,TRUE,1813,1594,1669,1507,70,69,1
2024-10-15,Korea Republic,Iraq,3,2,FIFA World Cup qualification,FALSE,1791,1674,1623,1504,71,75,1
2024-10-15,Japan,Australia,1,1,FIFA World Cup qualification,FALSE,1906,1740,1707,1587,76,70,1
2024-11-14,Paraguay,Argentina,2,1,FIFA World Cup qualification,FALSE,1715,2150,1418,1882,56,73,1
2024-11-14,Qatar,Uzbekistan,3,2,FIFA World Cup qualification,FALSE,1575,1714,1498,1542,67,74,1
2024-11-14,Iraq,Jordan,0,0,FIFA World Cup qualification,FALSE,1664,1640,1494,1459,71,73,1
2024-11-14,Australia,Saudi Arabia,0,0,FIFA World Cup qualification,FALSE,1754,1568,1590,1476,70,60,1
2024-11-15,Scotland,Croatia,1,0,UEFA Nations League,FALSE,1654,1884,1417,1653,49,65,1
2024-11-15,Uruguay,Colombia,3,2,FIFA World Cup qualification,FALSE,1915,2035,1656,1732,58,69,1
2024-11-15,Cabo Verde,Egypt,1,1,African Cup of Nations qualification,FALSE,1480,1686,1320,1549,60,71,1
2024-11-16,Germany,Bosnia and Herzegovina,7,0,UEFA Nations League,FALSE,1958,1391,1755,1273,73,42,1
2024-11-18,Croatia,Portugal,1,1,UEFA Nations League,FALSE,1855,1973,1642,1733,61,70,1
2024-11-18,Spain,Switzerland,3,2,UEFA Nations League,FALSE,2174,1781,1883,1596,79,55,1
2024-11-19,Bosnia and Herzegovina,Netherlands,1,1,UEFA Nations League,FALSE,1388,1940,1271,1753,42,63,1
2024-11-19,Colombia,Ecuador,0,1,FIFA World Cup qualification,FALSE,2012,1876,1717,1555,65,63,1
2024-11-19,Brazil,Uruguay,1,1,FIFA World Cup qualification,FALSE,2004,1937,1799,1671,65,57,1
2024-12-28,Iraq,Saudi Arabia,1,3,Gulf Cup,TRUE,1641,1522,1499,1456,67,57,0.8
2025-01-22,Uzbekistan,Jordan,0,0,Friendly,TRUE,1698,1635,1535,1455,72,67,0.6
2025-03-20,Canada,Mexico,0,2,CONCACAF Nations League,TRUE,1797,1784,1513,1636,67,60,1
2025-03-20,USA,Panama,0,1,CONCACAF Nations League,FALSE,1787,1724,1636,1488,64,52,1
2025-03-20,Croatia,France,2,0,UEFA Nations League,FALSE,1856,2045,1643,1856,58,66,1
2025-03-20,Netherlands,Spain,2,2,UEFA Nations League,FALSE,1922,2177,1747,1887,63,79,1
2025-03-20,Brazil,Colombia,2,1,FIFA World Cup qualification,FALSE,1994,1978,1796,1700,65,60,1
2025-03-21,Uruguay,Argentina,0,1,FIFA World Cup qualification,FALSE,1947,2115,1674,1865,55,69,1
2025-03-23,USA,Canada,1,2,CONCACAF Nations League,FALSE,1756,1763,1626,1507,63,62,1
2025-03-23,Panama,Mexico,1,2,CONCACAF Nations League,TRUE,1756,1819,1498,1642,57,65,1
2025-03-23,France,Croatia,2,0,UEFA Nations League,FALSE,2005,1896,1845,1654,64,59,1
2025-03-23,Spain,Netherlands,3,3,UEFA Nations League,FALSE,2169,1929,1885,1749,76,64,1
2025-03-25,Colombia,Paraguay,2,2,FIFA World Cup qualification,FALSE,1963,1765,1690,1449,59,61,1
2025-03-25,Argentina,Brazil,4,1,FIFA World Cup qualification,FALSE,2134,2009,1873,1807,69,67,1
2025-03-25,IR Iran,Uzbekistan,2,2,FIFA World Cup qualification,FALSE,1847,1699,1694,1539,76,69,1
2025-03-25,Korea Republic,Jordan,1,1,FIFA World Cup qualification,FALSE,1775,1639,1625,1462,74,64,1
2025-03-25,Japan,Saudi Arabia,0,0,FIFA World Cup qualification,FALSE,1914,1546,1719,1466,81,59,1
2025-05-30,Saudi Arabia,Jordan,2,0,Friendly,FALSE,1565,1652,1471,1465,57,62,0.6
2025-06-04,Germany,Portugal,1,2,UEFA Nations League,FALSE,1969,1968,1760,1727,70,68,1
2025-06-05,Spain,France,5,4,UEFA Nations League,TRUE,2153,2021,1884,1850,73,64,1
2025-06-05,Ecuador,Brazil,0,0,FIFA World Cup qualification,FALSE,1911,1992,1578,1795,65,62,1
2025-06-05,Paraguay,Uruguay,2,0,FIFA World Cup qualification,FALSE,1780,1917,1455,1656,62,55,1
2025-06-05,Qatar,IR Iran,1,0,FIFA World Cup qualification,FALSE,1509,1834,1475,1690,56,74,1
2025-06-05,Iraq,Korea Republic,0,2,FIFA World Cup qualification,FALSE,1560,1763,1469,1621,56,71,1
2025-06-05,Australia,Japan,1,0,FIFA World Cup qualification,FALSE,1751,1895,1594,1713,68,78,1
2025-06-06,Morocco,Tunisia,2,0,Friendly,FALSE,1810,1627,1636,1467,84,68,0.6
2025-06-07,Mexico,Switzerland,2,4,Friendly,TRUE,1837,1776,1648,1590,69,54,0.6
2025-06-07,USA,Türkiye,1,2,Friendly,FALSE,1728,1797,1616,1526,63,69,0.6
2025-06-07,Cote d'Ivoire,New Zealand,0,1,Canadian Shield,TRUE,1596,1693,1531,1453,72,78,0.8
2025-06-08,Germany,France,0,2,UEFA Nations League,FALSE,1940,2007,1751,1843,66,63,1
2025-06-08,Portugal,Spain,2,2,UEFA Nations League,TRUE,1996,2168,1735,1891,70,73,1
2025-06-09,Croatia,Czechia,5,1,FIFA World Cup qualification,FALSE,1881,1716,1650,1471,62,69,1
2025-06-10,England,Senegal,1,3,Friendly,FALSE,1997,1776,1780,1620,76,73,0.6
2025-06-10,Mexico,Türkiye,1,0,Friendly,TRUE,1818,1810,1642,1532,65,69,0.6
2025-06-10,Sweden,Algeria,4,3,Friendly,FALSE,1707,1719,1520,1539,72,81,0.6
2025-06-10,USA,Switzerland,0,4,Friendly,FALSE,1716,1795,1610,1596,63,55,0.6
2025-06-10,Argentina,Colombia,1,1,FIFA World Cup qualification,FALSE,2158,1932,1889,1679,72,53,1
2025-06-10,Brazil,Paraguay,1,0,FIFA World Cup qualification,FALSE,1994,1815,1791,1472,62,67,1
2025-06-10,Uzbekistan,Qatar,3,0,FIFA World Cup qualification,FALSE,1709,1543,1540,1493,66,59,1
2025-06-10,Jordan,Iraq,0,1,FIFA World Cup qualification,FALSE,1676,1534,1472,1460,61,54,1
2025-06-10,Saudi Arabia,Australia,1,2,FIFA World Cup qualification,FALSE,1615,1775,1487,1610,64,68,1
2025-06-10,Canada,Cote d'Ivoire,0,0,Canadian Shield,FALSE,1807,1584,1522,1525,68,67,0.8
2025-06-10,Haiti,Curacao,1,5,FIFA World Cup qualification,TRUE,1619,1396,1383,1204,84,72,1
2025-06-15,Haiti,Saudi Arabia,0,1,Gold Cup,TRUE,1556,1596,1366,1477,79,63,1
2025-06-19,USA,Saudi Arabia,1,0,Gold Cup,FALSE,1707,1621,1614,1491,61,67,1
2025-06-21,Curacao,Canada,1,1,Gold Cup,TRUE,1456,1814,1223,1534,70,72,1
2025-06-22,USA,Haiti,2,1,Gold Cup,FALSE,1721,1523,1628,1349,65,72,1
2025-06-28,Mexico,Saudi Arabia,2,0,Gold Cup,TRUE,1833,1594,1654,1471,71,64,1
2025-07-06,USA,Mexico,1,2,Gold Cup,FALSE,1733,1864,1643,1675,63,75,1
2025-09-04,Paraguay,Ecuador,0,0,FIFA World Cup qualification,FALSE,1807,1905,1466,1581,66,64,1
2025-09-05,Australia,New Zealand,1,0,Soccer Ashes,FALSE,1795,1691,1620,1455,68,73,0.8
2025-09-06,Mexico,Japan,0,0,Friendly,TRUE,1890,1875,1692,1701,74,74,0.6
2025-09-06,USA,Korea Republic,0,2,Friendly,FALSE,1706,1791,1626,1635,58,72,0.6
2025-09-07,Türkiye,Spain,0,6,FIFA World Cup qualification,FALSE,1819,2161,1535,1891,71,74,1
2025-09-08,Czechia,Saudi Arabia,1,1,Friendly,FALSE,1721,1586,1470,1462,72,64,0.6
2025-09-09,Mexico,Korea Republic,2,2,Friendly,TRUE,1890,1809,1692,1640,71,75,0.6
2025-09-09,New Zealand,Australia,1,3,Soccer Ashes,FALSE,1683,1803,1451,1624,72,72,0.8
2025-09-09,USA,Japan,2,0,Friendly,FALSE,1689,1876,1621,1701,58,71,0.6
2025-09-09,Ecuador,Argentina,1,0,FIFA World Cup qualification,FALSE,1906,2147,1578,1888,65,70,1
2025-09-09,Congo DR,Senegal,2,3,FIFA World Cup qualification,FALSE,1596,1808,1377,1631,75,76,1
2025-09-09,Bosnia and Herzegovina,Austria,1,2,FIFA World Cup qualification,FALSE,1452,1807,1299,1518,60,69,1
2025-10-09,Czechia,Croatia,0,0,FIFA World Cup qualification,FALSE,1715,1902,1470,1665,69,70,1
2025-10-10,Canada,Australia,0,1,Friendly,FALSE,1815,1827,1537,1627,70,75,0.6
2025-10-10,Japan,Paraguay,2,2,Kirin Cup,FALSE,1856,1829,1695,1481,66,66,0.8
2025-10-10,Korea Republic,Brazil,0,5,Friendly,FALSE,1811,1973,1640,1779,72,65,0.6
2025-10-10,USA,Ecuador,1,1,Friendly,FALSE,1709,1935,1627,1597,62,65,0.6
2025-10-10,Sweden,Switzerland,0,2,FIFA World Cup qualification,FALSE,1681,1845,1504,1615,68,68,1
2025-10-11,Mexico,Colombia,0,4,Friendly,TRUE,1888,1982,1692,1696,69,60,0.6
2025-10-13,Uzbekistan,Uruguay,1,2,Friendly,TRUE,1726,1903,1554,1652,67,63,0.6
2025-10-14,Japan,Brazil,3,2,Kirin Cup,FALSE,1850,1992,1693,1783,63,66,0.8
2025-10-14,Canada,Colombia,0,0,Friendly,TRUE,1801,1998,1533,1701,70,64,0.6
2025-10-14,Korea Republic,Paraguay,2,0,Friendly,FALSE,1792,1835,1637,1483,67,66,0.6
2025-10-14,Mexico,Ecuador,1,1,Friendly,FALSE,1872,1932,1687,1598,68,65,0.6
2025-10-14,Norway,New Zealand,1,1,Friendly,FALSE,1841,1651,1488,1443,80,65,0.6
2025-10-14,USA,Australia,2,1,Friendly,FALSE,1712,1841,1627,1632,63,75,0.6
2025-10-14,Saudi Arabia,Iraq,0,0,FIFA World Cup qualification,FALSE,1599,1597,1470,1485,64,62,1
2025-11-13,Canada,Ecuador,0,0,Friendly,FALSE,1806,1933,1534,1599,68,65,0.6
2025-11-13,IR Iran,Cabo Verde,0,0,Al Ain International Cup,TRUE,1798,1547,1671,1352,68,71,0.8
2025-11-14,Japan,Ghana,2,0,Kirin Cup,FALSE,1868,1512,1699,1384,65,70,0.8
2025-11-14,Saudi Arabia,Cote d'Ivoire,1,0,Friendly,FALSE,1593,1609,1470,1532,61,69,0.6
2025-11-14,Tunisia,Jordan,3,2,Friendly,FALSE,1644,1627,1483,1449,72,58,0.6
2025-11-14,Uzbekistan,Egypt,2,0,Al Ain International Cup,TRUE,1720,1677,1550,1551,66,74,0.8
2025-11-15,Brazil,Senegal,2,0,Friendly,TRUE,1974,1831,1777,1644,62,78,0.6
2025-11-15,Colombia,New Zealand,2,1,Friendly,TRUE,1992,1658,1699,1443,61,62,0.6
2025-11-15,Mexico,Uruguay,0,0,Friendly,FALSE,1870,1910,1686,1657,66,66,0.6
2025-11-15,USA,Paraguay,2,1,Friendly,FALSE,1723,1821,1632,1480,68,62,0.6
2025-11-15,Switzerland,Sweden,4,1,FIFA World Cup qualification,FALSE,1868,1621,1621,1475,72,62,1
2025-11-17,Cabo Verde,Egypt,1,1,Al Ain International Cup,TRUE,1556,1655,1354,1546,71,69,0.8
2025-11-18,Saudi Arabia,Algeria,0,2,Friendly,FALSE,1601,1712,1476,1544,61,76,0.6
2025-11-18,Brazil,Tunisia,1,1,Friendly,TRUE,1985,1652,1781,1488,65,76,0.6
2025-11-18,Colombia,Australia,3,0,Friendly,TRUE,1996,1815,1702,1619,65,71,0.6
2025-11-18,Ecuador,New Zealand,2,0,Friendly,TRUE,1933,1655,1598,1440,62,58,0.6
2025-11-18,Korea Republic,Ghana,1,0,Friendly,FALSE,1813,1508,1642,1382,68,68,0.6
2025-11-18,Mexico,Paraguay,1,2,Friendly,TRUE,1868,1811,1686,1476,63,58,0.6
2025-11-18,USA,Uruguay,5,1,Friendly,FALSE,1734,1912,1636,1657,67,63,0.6
2025-11-18,Spain,Türkiye,2,2,FIFA World Cup qualification,FALSE,2193,1829,1903,1549,76,70,1
2025-11-18,Austria,Bosnia and Herzegovina,1,1,FIFA World Cup qualification,FALSE,1795,1487,1514,1302,69,69,1
2025-11-18,IR Iran,Uzbekistan,0,0,Al Ain International Cup,TRUE,1789,1742,1669,1555,68,66,0.8
2025-12-07,Qatar,Tunisia,0,3,Arab Cup,FALSE,1470,1629,1467,1482,53,66,0.8
2025-12-08,Morocco,Saudi Arabia,1,0,Arab Cup,TRUE,1832,1607,1659,1478,79,65,0.8
2025-12-09,Egypt,Jordan,0,3,Arab Cup,TRUE,1636,1632,1540,1447,66,59,0.8
2025-12-09,Algeria,Iraq,2,0,Arab Cup,TRUE,1726,1640,1549,1501,74,71,0.8
2025-12-12,Jordan,Iraq,1,0,Arab Cup,TRUE,1661,1621,1453,1497,59,71,0.8
2025-12-15,Saudi Arabia,Jordan,0,1,Arab Cup,TRUE,1611,1676,1478,1458,67,63,0.8
2025-12-18,Jordan,Morocco,2,3,Arab Cup,TRUE,1690,1855,1464,1668,66,79,0.8
2025-12-26,Egypt,South Africa,1,0,African Cup of Nations,TRUE,1616,1586,1542,1458,62,71,1
2025-12-27,Senegal,Congo DR,1,1,African Cup of Nations,TRUE,1830,1636,1646,1416,77,75,1
2026-01-06,Algeria,Congo DR,1,0,African Cup of Nations,TRUE,1772,1661,1580,1431,77,73,1
2026-01-10,Egypt,Cote d'Ivoire,3,2,African Cup of Nations,TRUE,1649,1681,1557,1560,62,73,1
2026-01-14,Senegal,Egypt,1,0,African Cup of Nations,TRUE,1848,1679,1662,1575,77,62,1
2026-01-18,Morocco,Senegal,3,0,African Cup of Nations,FALSE,1852,1864,1688,1677,77,77,1
2026-01-22,Panama,Mexico,0,1,Friendly,FALSE,1774,1856,1536,1678,69,59,0.6
2026-03-26,Brazil,France,1,2,Friendly,TRUE,1977,2051,1778,1856,64,72,0.6
2026-03-26,Colombia,Croatia,1,2,Friendly,TRUE,2007,1904,1706,1667,69,77,0.6
2026-03-27,Austria,Ghana,5,1,Friendly,FALSE,1777,1506,1509,1379,69,67,0.6
2026-03-27,England,Uruguay,1,1,Friendly,FALSE,2033,1887,1794,1652,80,61,0.6
2026-03-27,Morocco,Ecuador,1,1,Friendly,TRUE,1888,1939,1705,1602,77,63,0.6
2026-03-27,Netherlands,Norway,2,1,Friendly,FALSE,1937,1890,1752,1509,73,81,0.6
2026-03-27,Saudi Arabia,Egypt,0,4,Friendly,FALSE,1597,1671,1472,1560,63,62,0.6
2026-03-27,South Africa,Panama,1,1,Friendly,FALSE,1546,1762,1435,1532,69,65,0.6
2026-03-27,Switzerland,Germany,3,4,Friendly,FALSE,1873,1895,1623,1742,76,68,0.6
2026-03-28,Haiti,Tunisia,0,1,Friendly,TRUE,1593,1622,1365,1470,57,61,0.6
2026-03-28,Cote d'Ivoire,Korea Republic,4,0,Friendly,TRUE,1651,1815,1542,1645,69,70,0.6
2026-03-28,Mexico,Portugal,0,0,Friendly,FALSE,1879,1947,1686,1727,63,69,0.6
2026-03-28,Scotland,Japan,0,1,Friendly,FALSE,1746,1881,1464,1704,67,66,0.6
2026-03-28,USA,Belgium,2,5,Friendly,FALSE,1758,1816,1641,1693,68,71,0.6
2026-03-29,Colombia,France,1,3,Friendly,TRUE,1993,2060,1701,1861,69,76,0.6
2026-03-30,Germany,Ghana,2,1,Friendly,FALSE,1909,1501,1746,1375,68,62,0.6
2026-03-31,Algeria,Uruguay,0,0,Friendly,TRUE,1756,1894,1576,1653,73,62,0.6
2026-03-31,Austria,Korea Republic,1,0,Friendly,FALSE,1782,1786,1513,1639,72,67,0.6
2026-03-31,Brazil,Croatia,3,1,Friendly,TRUE,1968,1918,1774,1673,60,76,0.6
2026-03-31,Canada,Tunisia,0,0,Friendly,FALSE,1810,1632,1537,1474,65,63,0.6
2026-03-31,England,Japan,0,1,Friendly,FALSE,2027,1891,1793,1707,77,67,0.6
2026-03-31,Cote d'Ivoire,Scotland,1,0,Friendly,TRUE,1680,1736,1548,1461,72,63,0.6
2026-03-31,Mexico,Belgium,1,1,Friendly,TRUE,1877,1838,1686,1697,60,76,0.6
2026-03-31,Morocco,Paraguay,2,1,Friendly,TRUE,1890,1834,1704,1488,75,61,0.6
2026-03-31,Netherlands,Ecuador,1,1,Friendly,FALSE,1944,1938,1755,1603,75,60,0.6
2026-03-31,Norway,Switzerland,0,0,Friendly,FALSE,1883,1859,1507,1619,76,74,0.6
2026-03-31,South Africa,Panama,1,2,Friendly,FALSE,1549,1759,1436,1531,66,62,0.6
2026-03-31,Spain,Egypt,0,0,Friendly,FALSE,2176,1693,1897,1564,76,65,0.6
2026-03-31,USA,Portugal,0,2,Friendly,FALSE,1736,1948,1636,1726,63,70,0.6
2026-03-31,Australia,Curacao,5,1,FIFA Series,FALSE,1809,1493,1619,1257,68,60,0.8
2026-05-22,Mexico,Ghana,2,0,Friendly,FALSE,1876,1500,1686,1373,60,58,0.6
2026-05-30,Ecuador,Saudi Arabia,2,1,Friendly,TRUE,1941,1570,1604,1463,60,57,0.6
2026-05-30,Mexico,Australia,1,0,Friendly,TRUE,1879,1815,1689,1621,63,69,0.6
2026-05-30,Scotland,Curacao,4,1,Friendly,FALSE,1723,1487,1456,1255,63,58,0.6
2026-05-31,Brazil,Panama,6,2,Friendly,FALSE,1982,1768,1778,1536,65,64,0.6
2026-05-31,Switzerland,Jordan,4,1,Friendly,FALSE,1863,1682,1618,1462,71,64,0.6
2026-05-31,USA,Senegal,3,2,Friendly,FALSE,1724,1840,1632,1664,61,76,0.6
2026-06-01,Austria,Tunisia,1,0,Friendly,FALSE,1790,1639,1520,1475,76,61,0.6
2026-06-01,Canada,Uzbekistan,2,0,Friendly,FALSE,1803,1734,1536,1556,64,65,0.6
2026-06-01,Norway,Sweden,3,1,Friendly,FALSE,1879,1670,1508,1492,73,59,0.6
2026-06-02,Croatia,Belgium,0,2,Friendly,FALSE,1903,1839,1669,1697,75,73,0.6
2026-06-02,Haiti,New Zealand,4,0,Friendly,TRUE,1581,1636,1360,1435,59,50,0.6
2026-06-03,Netherlands,Algeria,0,1,Friendly,FALSE,1941,1759,1753,1577,75,73,0.6
2026-06-04,France,Cote d'Ivoire,1,2,Friendly,FALSE,2074,1692,1864,1553,76,72,0.6
2026-06-04,Spain,Iraq,1,1,Friendly,FALSE,2166,1632,1894,1500,76,67,0.6
2026-06-06,Australia,Switzerland,1,1,Friendly,TRUE,1806,1870,1616,1622,64,71,0.6
2026-06-06,Belgium,Tunisia,5,0,Friendly,FALSE,1862,1635,1702,1470,75,59,0.6
2026-06-06,Brazil,Egypt,2,1,Friendly,TRUE,1989,1712,1781,1572,68,70,0.6
2026-06-06,England,New Zealand,1,0,Friendly,TRUE,2009,1612,1787,1429,72,46,0.6
2026-06-06,Panama,Bosnia and Herzegovina,1,1,Friendly,TRUE,1763,1526,1535,1318,65,61,0.6
2026-06-06,USA,Germany,1,2,Friendly,FALSE,1735,1912,1638,1749,62,75,0.6
2026-06-07,Jordan,Colombia,0,2,Friendly,TRUE,1675,1982,1458,1701,63,69,0.6
2026-06-07,Morocco,Norway,1,1,Friendly,TRUE,1901,1884,1710,1513,75,73,0.6
2026-06-08,Netherlands,Uzbekistan,2,1,Friendly,TRUE,1922,1725,1746,1551,70,63,0.6
2026-06-09,Saudi Arabia,Senegal,0,0,Friendly,TRUE,1572,1829,1461,1659,56,71,0.6
2026-06-11,Mexico,South Africa,2,0,FIFA World Cup,FALSE,1895,1546,1697,1434,71,64,1
2026-06-11,Korea Republic,Czechia,2,1,FIFA World Cup,TRUE,1786,1698,1637,1464,66,68,1
