team,snapshot_date,source,source_url,qualification_status,matches,wins,draws,losses,goals_for,goals_against,goal_diff,points,points_per_match,away_matches,away_points_per_match,qualifying_score,source_note
Algeria,2026-06-12,martj42/international_results results.csv,https://raw.githubusercontent.com/martj42/international_results/master/results.csv,qualified,10,8,1,1,24,8,16,25,2.5,4,2.5,80,"Score combines points per match, goal difference, defensive record, attacking output and away qualifying record."
Argentina,2026-06-12,martj42/international_results results.csv,https://raw.githubusercontent.com/martj42/international_results/master/results.csv,qualified,18,12,2,4,31,10,21,38,2.11,9,1.78,70,"Score combines points per match, goal difference, defensive record, attacking output and away qualifying record."
Australia,2026-06-12,martj42/international_results results.csv,https://raw.githubusercontent.com/martj42/international_results/master/results.csv,qualified,16,11,4,1,38,7,31,37,2.31,7,2.14,80,"Score combines points per match, goal difference, defensive record, attacking output and away qualifying record."
Austria,2026-06-12,martj42/international_results results.csv,https://raw.githubusercontent.com/martj42/international_results/master/results.csv,qualified,8,6,1,1,22,4,18,19,2.38,4,2.25,84,"Score combines points per match, goal difference, defensive record, attacking output and away qualifying record."
Belgium,2026-06-12,martj42/international_results results.csv,https://raw.githubusercontent.com/martj42/international_results/master/results.csv,qualified,8,5,3,0,29,7,22,18,2.25,4,2,83,"Score combines points per match, goal difference, defensive record, attacking output and away qualifying record."
Bosnia and Herzegovina,2026-06-12,martj42/international_results results.csv,https://raw.githubusercontent.com/martj42/international_results/master/results.csv,qualified,10,5,4,1,19,9,10,19,1.9,5,1.8,65,"Score combines points per match, goal difference, defensive record, attacking output and away qualifying record."
Brazil,2026-06-12,martj42/international_results results.csv,https://raw.githubusercontent.com/martj42/international_results/master/results.csv,qualified,18,8,4,6,24,17,7,28,1.56,9,0.89,54,"Score combines points per match, goal difference, defensive record, attacking output and away qualifying record."
Cabo Verde,2026-06-12,martj42/international_results results.csv,https://raw.githubusercontent.com/martj42/international_results/master/results.csv,qualified,10,7,2,1,16,8,8,23,2.3,5,2,70,"Score combines points per match, goal difference, defensive record, attacking output and away qualifying record."
Canada,2026-06-12,martj42/international_results results.csv,https://raw.githubusercontent.com/martj42/international_results/master/results.csv,host_exempt,0,0,0,0,0,0,0,0,0,0,0,60,Host nation did not play 2026 World Cup qualifiers; neutral baseline avoids double-counting friendly form.
Colombia,2026-06-12,martj42/international_results results.csv,https://raw.githubusercontent.com/martj42/international_results/master/results.csv,qualified,18,7,7,4,28,18,10,28,1.56,9,1.11,55,"Score combines points per match, goal difference, defensive record, attacking output and away qualifying record."
Congo DR,2026-06-12,martj42/international_results results.csv,https://raw.githubusercontent.com/martj42/international_results/master/results.csv,qualified,13,9,2,2,18,7,11,29,2.23,7,2,70,"Score combines points per match, goal difference, defensive record, attacking output and away qualifying record."
Cote d'Ivoire,2026-06-12,martj42/international_results results.csv,https://raw.githubusercontent.com/martj42/international_results/master/results.csv,qualified,10,8,2,0,25,0,25,26,2.6,5,2.2,90,"Score combines points per match, goal difference, defensive record, attacking output and away qualifying record."
Croatia,2026-06-12,martj42/international_results results.csv,https://raw.githubusercontent.com/martj42/international_results/master/results.csv,qualified,8,7,1,0,26,4,22,22,2.75,4,2.5,93,"Score combines points per match, goal difference, defensive record, attacking output and away qualifying record."
Curacao,2026-06-12,martj42/international_results results.csv,https://raw.githubusercontent.com/martj42/international_results/master/results.csv,qualified,10,7,3,0,28,5,23,24,2.4,5,2.2,84,"Score combines points per match, goal difference, defensive record, attacking output and away qualifying record."
Czechia,2026-06-12,martj42/international_results results.csv,https://raw.githubusercontent.com/martj42/international_results/master/results.csv,qualified,10,5,3,2,22,12,10,18,1.8,4,1.5,63,"Score combines points per match, goal difference, defensive record, attacking output and away qualifying record."
Ecuador,2026-06-12,martj42/international_results results.csv,https://raw.githubusercontent.com/martj42/international_results/master/results.csv,qualified,18,8,8,2,14,5,9,32,1.78,9,1.22,60,"Score combines points per match, goal difference, defensive record, attacking output and away qualifying record."
Egypt,2026-06-12,martj42/international_results results.csv,https://raw.githubusercontent.com/martj42/international_results/master/results.csv,qualified,10,8,2,0,20,2,18,26,2.6,5,2.2,84,"Score combines points per match, goal difference, defensive record, attacking output and away qualifying record."
England,2026-06-12,martj42/international_results results.csv,https://raw.githubusercontent.com/martj42/international_results/master/results.csv,qualified,8,8,0,0,22,0,22,24,3,4,3,99,"Score combines points per match, goal difference, defensive record, attacking output and away qualifying record."
France,2026-06-12,martj42/international_results results.csv,https://raw.githubusercontent.com/martj42/international_results/master/results.csv,qualified,6,5,1,0,16,4,12,16,2.67,3,2.33,86,"Score combines points per match, goal difference, defensive record, attacking output and away qualifying record."
Germany,2026-06-12,martj42/international_results results.csv,https://raw.githubusercontent.com/martj42/international_results/master/results.csv,qualified,6,5,0,1,16,3,13,15,2.5,3,2,84,"Score combines points per match, goal difference, defensive record, attacking output and away qualifying record."
Ghana,2026-06-12,martj42/international_results results.csv,https://raw.githubusercontent.com/martj42/international_results/master/results.csv,qualified,10,8,1,1,23,6,17,25,2.5,5,2,81,"Score combines points per match, goal difference, defensive record, attacking output and away qualifying record."
Haiti,2026-06-12,martj42/international_results results.csv,https://raw.githubusercontent.com/martj42/international_results/master/results.csv,qualified,10,6,2,2,20,13,7,20,2,5,2,64,"Score combines points per match, goal difference, defensive record, attacking output and away qualifying record."
IR Iran,2026-06-12,martj42/international_results results.csv,https://raw.githubusercontent.com/martj42/international_results/master/results.csv,qualified,16,11,4,1,35,12,23,37,2.31,8,2.13,76,"Score combines points per match, goal difference, defensive record, attacking output and away qualifying record."
Iraq,2026-06-12,martj42/international_results results.csv,https://raw.githubusercontent.com/martj42/international_results/master/results.csv,qualified,21,13,5,3,32,14,18,44,2.1,10,1.8,68,"Score combines points per match, goal difference, defensive record, attacking output and away qualifying record."
Japan,2026-06-12,martj42/international_results results.csv,https://raw.githubusercontent.com/martj42/international_results/master/results.csv,qualified,15,12,2,1,51,3,48,38,2.53,7,2.57,91,"Score combines points per match, goal difference, defensive record, attacking output and away qualifying record."
Jordan,2026-06-12,martj42/international_results results.csv,https://raw.githubusercontent.com/martj42/international_results/master/results.csv,qualified,16,8,5,3,32,12,20,29,1.81,8,2,67,"Score combines points per match, goal difference, defensive record, attacking output and away qualifying record."
Korea Republic,2026-06-12,martj42/international_results results.csv,https://raw.githubusercontent.com/martj42/international_results/master/results.csv,qualified,16,11,5,0,40,8,32,38,2.38,8,2.75,83,"Score combines points per match, goal difference, defensive record, attacking output and away qualifying record."
Mexico,2026-06-12,martj42/international_results results.csv,https://raw.githubusercontent.com/martj42/international_results/master/results.csv,host_exempt,0,0,0,0,0,0,0,0,0,0,0,60,Host nation did not play 2026 World Cup qualifiers; neutral baseline avoids double-counting friendly form.
Morocco,2026-06-12,martj42/international_results results.csv,https://raw.githubusercontent.com/martj42/international_results/master/results.csv,qualified,8,8,0,0,22,2,20,24,3,2,3,97,"Score combines points per match, goal difference, defensive record, attacking output and away qualifying record."
Netherlands,2026-06-12,martj42/international_results results.csv,https://raw.githubusercontent.com/martj42/international_results/master/results.csv,qualified,8,6,2,0,27,4,23,20,2.5,4,2.5,89,"Score combines points per match, goal difference, defensive record, attacking output and away qualifying record."
New Zealand,2026-06-12,martj42/international_results results.csv,https://raw.githubusercontent.com/martj42/international_results/master/results.csv,qualified,5,5,0,0,29,1,28,15,3,0,3,99,"Score combines points per match, goal difference, defensive record, attacking output and away qualifying record."
Norway,2026-06-12,martj42/international_results results.csv,https://raw.githubusercontent.com/martj42/international_results/master/results.csv,qualified,8,8,0,0,37,5,32,24,3,4,3,97,"Score combines points per match, goal difference, defensive record, attacking output and away qualifying record."
Panama,2026-06-12,martj42/international_results results.csv,https://raw.githubusercontent.com/martj42/international_results/master/results.csv,qualified,10,7,3,0,19,5,14,24,2.4,5,2.6,78,"Score combines points per match, goal difference, defensive record, attacking output and away qualifying record."
Paraguay,2026-06-12,martj42/international_results results.csv,https://raw.githubusercontent.com/martj42/international_results/master/results.csv,qualified,18,7,7,4,14,10,4,28,1.56,9,0.89,53,"Score combines points per match, goal difference, defensive record, attacking output and away qualifying record."
Portugal,2026-06-12,martj42/international_results results.csv,https://raw.githubusercontent.com/martj42/international_results/master/results.csv,qualified,6,4,1,1,20,7,13,13,2.17,3,2,77,"Score combines points per match, goal difference, defensive record, attacking output and away qualifying record."
Qatar,2026-06-12,martj42/international_results results.csv,https://raw.githubusercontent.com/martj42/international_results/master/results.csv,qualified,18,10,3,5,37,28,9,33,1.83,8,1,58,"Score combines points per match, goal difference, defensive record, attacking output and away qualifying record."
Saudi Arabia,2026-06-12,martj42/international_results results.csv,https://raw.githubusercontent.com/martj42/international_results/master/results.csv,qualified,18,8,6,4,22,13,9,30,1.67,8,1.88,58,"Score combines points per match, goal difference, defensive record, attacking output and away qualifying record."
Scotland,2026-06-12,martj42/international_results results.csv,https://raw.githubusercontent.com/martj42/international_results/master/results.csv,qualified,6,4,1,1,13,7,6,13,2.17,3,1.33,68,"Score combines points per match, goal difference, defensive record, attacking output and away qualifying record."
Senegal,2026-06-12,martj42/international_results results.csv,https://raw.githubusercontent.com/martj42/international_results/master/results.csv,qualified,10,7,3,0,22,3,19,24,2.4,5,2.2,82,"Score combines points per match, goal difference, defensive record, attacking output and away qualifying record."
South Africa,2026-06-12,martj42/international_results results.csv,https://raw.githubusercontent.com/martj42/international_results/master/results.csv,qualified,10,5,3,2,15,9,6,18,1.8,3,1.33,60,"Score combines points per match, goal difference, defensive record, attacking output and away qualifying record."
Spain,2026-06-12,martj42/international_results results.csv,https://raw.githubusercontent.com/martj42/international_results/master/results.csv,qualified,6,5,1,0,21,2,19,16,2.67,3,3,93,"Score combines points per match, goal difference, defensive record, attacking output and away qualifying record."
Sweden,2026-06-12,martj42/international_results results.csv,https://raw.githubusercontent.com/martj42/international_results/master/results.csv,qualified,8,2,2,4,10,15,-5,8,1,4,1,36,"Score combines points per match, goal difference, defensive record, attacking output and away qualifying record."
Switzerland,2026-06-12,martj42/international_results results.csv,https://raw.githubusercontent.com/martj42/international_results/master/results.csv,qualified,6,4,2,0,14,2,12,14,2.33,3,1.67,80,"Score combines points per match, goal difference, defensive record, attacking output and away qualifying record."
Tunisia,2026-06-12,martj42/international_results results.csv,https://raw.githubusercontent.com/martj42/international_results/master/results.csv,qualified,10,9,1,0,22,0,22,28,2.8,4,2.5,91,"Score combines points per match, goal difference, defensive record, attacking output and away qualifying record."
Türkiye,2026-06-12,martj42/international_results results.csv,https://raw.githubusercontent.com/martj42/international_results/master/results.csv,qualified,8,6,1,1,19,12,7,19,2.38,4,2.5,72,"Score combines points per match, goal difference, defensive record, attacking output and away qualifying record."
Uruguay,2026-06-12,martj42/international_results results.csv,https://raw.githubusercontent.com/martj42/international_results/master/results.csv,qualified,18,7,7,4,22,12,10,28,1.56,9,0.89,56,"Score combines points per match, goal difference, defensive record, attacking output and away qualifying record."
USA,2026-06-12,martj42/international_results results.csv,https://raw.githubusercontent.com/martj42/international_results/master/results.csv,host_exempt,0,0,0,0,0,0,0,0,0,0,0,60,Host nation did not play 2026 World Cup qualifiers; neutral baseline avoids double-counting friendly form.
Uzbekistan,2026-06-12,martj42/international_results results.csv,https://raw.githubusercontent.com/martj42/international_results/master/results.csv,qualified,16,10,5,1,27,11,16,35,2.19,8,1.88,70,"Score combines points per match, goal difference, defensive record, attacking output and away qualifying record."
