team,date,result,opponent,goals_for,goals_against,goal_diff,source_url
Mexico,2026-03-31,D,Belgium,1,1,0,https://www.international-football.net/country?team=Mexico
Mexico,2026-03-28,D,Portugal,0,0,0,https://www.international-football.net/country?team=Mexico
Mexico,2026-02-25,W,Iceland,4,0,4,https://www.international-football.net/country?team=Mexico
Mexico,2026-01-25,W,Bolivia,1,0,1,https://www.international-football.net/country?team=Mexico
Mexico,2026-01-22,W,Panama,1,0,1,https://www.international-football.net/country?team=Mexico
Mexico,2025-11-18,L,Paraguay,1,2,-1,https://www.international-football.net/country?team=Mexico
Mexico,2025-11-15,D,Uruguay,0,0,0,https://www.international-football.net/country?team=Mexico
Mexico,2025-10-14,D,Ecuador,1,1,0,https://www.international-football.net/country?team=Mexico
Mexico,2025-10-11,L,Colombia,0,4,-4,https://www.international-football.net/country?team=Mexico
Mexico,2025-09-09,D,Korea Republic,2,2,0,https://www.international-football.net/country?team=Mexico
South Africa,2026-03-31,L,Panama,1,2,-1,https://www.international-football.net/country?team=South%20Africa
South Africa,2026-03-27,D,Panama,1,1,0,https://www.international-football.net/country?team=South%20Africa
South Africa,2026-01-04,L,Cameroon,1,2,-1,https://www.international-football.net/country?team=South%20Africa
South Africa,2025-12-29,W,Zimbabwe,3,2,1,https://www.international-football.net/country?team=South%20Africa
South Africa,2025-12-26,L,Egypt,0,1,-1,https://www.international-football.net/country?team=South%20Africa
South Africa,2025-12-22,W,Angola,2,1,1,https://www.international-football.net/country?team=South%20Africa
South Africa,2025-11-15,W,Zambia,3,1,2,https://www.international-football.net/country?team=South%20Africa
South Africa,2025-10-14,W,Rwanda,3,0,3,https://www.international-football.net/country?team=South%20Africa
South Africa,2025-10-10,D,Zimbabwe,0,0,0,https://www.international-football.net/country?team=South%20Africa
South Africa,2025-09-09,D,Nigeria,1,1,0,https://www.international-football.net/country?team=South%20Africa
Korea Republic,2026-03-31,L,Austria,0,1,-1,https://www.international-football.net/country?team=South%20Korea
Korea Republic,2026-03-28,L,Cote d'Ivoire,0,4,-4,https://www.international-football.net/country?team=South%20Korea
Korea Republic,2025-11-18,W,Ghana,1,0,1,https://www.international-football.net/country?team=South%20Korea
Korea Republic,2025-11-14,W,Bolivia,2,0,2,https://www.international-football.net/country?team=South%20Korea
Korea Republic,2025-10-14,W,Paraguay,2,0,2,https://www.international-football.net/country?team=South%20Korea
Korea Republic,2025-10-10,L,Brazil,0,5,-5,https://www.international-football.net/country?team=South%20Korea
Korea Republic,2025-09-09,D,Mexico,2,2,0,https://www.international-football.net/country?team=South%20Korea
Korea Republic,2025-09-06,W,USA,2,0,2,https://www.international-football.net/country?team=South%20Korea
Korea Republic,2025-07-15,L,Japan,0,1,-1,https://www.international-football.net/country?team=South%20Korea
Korea Republic,2025-07-11,W,Hong Kong,2,0,2,https://www.international-football.net/country?team=South%20Korea
Czechia,2026-03-31,D,Denmark,2,2,0,https://www.international-football.net/country?team=Czech%20Republic
Czechia,2026-03-26,D,Ireland,2,2,0,https://www.international-football.net/country?team=Czech%20Republic
Czechia,2025-11-17,W,Gibraltar,6,0,6,https://www.international-football.net/country?team=Czech%20Republic
Czechia,2025-11-13,W,San Marino,1,0,1,https://www.international-football.net/country?team=Czech%20Republic
Czechia,2025-10-12,L,Faroe Islands,1,2,-1,https://www.international-football.net/country?team=Czech%20Republic
Czechia,2025-10-09,D,Croatia,0,0,0,https://www.international-football.net/country?team=Czech%20Republic
Czechia,2025-09-08,D,Saudi Arabia,1,1,0,https://www.international-football.net/country?team=Czech%20Republic
Czechia,2025-09-05,W,Montenegro,2,0,2,https://www.international-football.net/country?team=Czech%20Republic
Czechia,2025-06-09,L,Croatia,1,5,-4,https://www.international-football.net/country?team=Czech%20Republic
Czechia,2025-06-06,W,Montenegro,2,0,2,https://www.international-football.net/country?team=Czech%20Republic
Canada,2026-03-31,D,Tunisia,0,0,0,https://www.international-football.net/country?team=Canada
Canada,2026-03-28,D,Iceland,2,2,0,https://www.international-football.net/country?team=Canada
Canada,2026-01-17,W,Guatemala,1,0,1,https://www.international-football.net/country?team=Canada
Canada,2025-11-18,W,Venezuela,2,0,2,https://www.international-football.net/country?team=Canada
Canada,2025-11-13,D,Ecuador,0,0,0,https://www.international-football.net/country?team=Canada
Canada,2025-10-14,D,Colombia,0,0,0,https://www.international-football.net/country?team=Canada
Canada,2025-10-10,L,Australia,0,1,-1,https://www.international-football.net/country?team=Canada
Canada,2025-09-09,W,Wales,1,0,1,https://www.international-football.net/country?team=Canada
Canada,2025-09-05,W,Romania,3,0,3,https://www.international-football.net/country?team=Canada
Canada,2025-06-29,D,Guatemala,1,1,0,https://www.international-football.net/country?team=Canada
Bosnia and Herzegovina,2026-03-31,D,Italy,1,1,0,https://www.international-football.net/country?team=Bosnia%20and%20Herzegovina
Bosnia and Herzegovina,2026-03-26,D,Wales,1,1,0,https://www.international-football.net/country?team=Bosnia%20and%20Herzegovina
Bosnia and Herzegovina,2025-11-18,D,Austria,1,1,0,https://www.international-football.net/country?team=Bosnia%20and%20Herzegovina
Bosnia and Herzegovina,2025-11-15,W,Romania,3,1,2,https://www.international-football.net/country?team=Bosnia%20and%20Herzegovina
Bosnia and Herzegovina,2025-10-12,W,Malta,4,1,3,https://www.international-football.net/country?team=Bosnia%20and%20Herzegovina
Bosnia and Herzegovina,2025-10-09,D,Cyprus,2,2,0,https://www.international-football.net/country?team=Bosnia%20and%20Herzegovina
Bosnia and Herzegovina,2025-09-09,L,Austria,1,2,-1,https://www.international-football.net/country?team=Bosnia%20and%20Herzegovina
Bosnia and Herzegovina,2025-09-06,W,San Marino,6,0,6,https://www.international-football.net/country?team=Bosnia%20and%20Herzegovina
Bosnia and Herzegovina,2025-06-10,L,Slovenia,1,2,-1,https://www.international-football.net/country?team=Bosnia%20and%20Herzegovina
Bosnia and Herzegovina,2025-06-07,W,San Marino,1,0,1,https://www.international-football.net/country?team=Bosnia%20and%20Herzegovina
Qatar,2025-12-07,L,Tunisia,0,3,-3,https://www.international-football.net/country?team=Qatar
Qatar,2025-12-04,D,Syria,1,1,0,https://www.international-football.net/country?team=Qatar
Qatar,2025-12-01,L,Palestine,0,1,-1,https://www.international-football.net/country?team=Qatar
Qatar,2025-11-17,L,Zimbabwe,1,2,-1,https://www.international-football.net/country?team=Qatar
Qatar,2025-10-14,W,United Arab Emirates,2,1,1,https://www.international-football.net/country?team=Qatar
Qatar,2025-10-08,D,Oman,0,0,0,https://www.international-football.net/country?team=Qatar
Qatar,2025-09-07,L,Russia,1,4,-3,https://www.international-football.net/country?team=Qatar
Qatar,2025-09-03,D,Bahrain,2,2,0,https://www.international-football.net/country?team=Qatar
Qatar,2025-08-24,L,Lebanon,0,1,-1,https://www.international-football.net/country?team=Qatar
Qatar,2025-06-10,L,Uzbekistan,0,3,-3,https://www.international-football.net/country?team=Qatar
Switzerland,2026-03-31,D,Norway,0,0,0,https://www.international-football.net/country?team=Switzerland
Switzerland,2026-03-27,L,Germany,3,4,-1,https://www.international-football.net/country?team=Switzerland
Switzerland,2025-11-18,D,Kosovo,1,1,0,https://www.international-football.net/country?team=Switzerland
Switzerland,2025-11-15,W,Sweden,4,1,3,https://www.international-football.net/country?team=Switzerland
Switzerland,2025-10-13,D,Slovenia,0,0,0,https://www.international-football.net/country?team=Switzerland
Switzerland,2025-10-10,W,Sweden,2,0,2,https://www.international-football.net/country?team=Switzerland
Switzerland,2025-09-08,W,Slovenia,3,0,3,https://www.international-football.net/country?team=Switzerland
Switzerland,2025-09-05,W,Kosovo,4,0,4,https://www.international-football.net/country?team=Switzerland
Switzerland,2025-06-10,W,USA,4,0,4,https://www.international-football.net/country?team=Switzerland
Switzerland,2025-06-07,W,Mexico,4,2,2,https://www.international-football.net/country?team=Switzerland
Brazil,2026-03-31,W,Croatia,3,1,2,https://www.international-football.net/country?team=Brazil
Brazil,2026-03-26,L,France,1,2,-1,https://www.international-football.net/country?team=Brazil
Brazil,2025-11-18,D,Tunisia,1,1,0,https://www.international-football.net/country?team=Brazil
Brazil,2025-11-15,W,Senegal,2,0,2,https://www.international-football.net/country?team=Brazil
Brazil,2025-10-14,L,Japan,2,3,-1,https://www.international-football.net/country?team=Brazil
Brazil,2025-10-10,W,Korea Republic,5,0,5,https://www.international-football.net/country?team=Brazil
Brazil,2025-09-09,L,Bolivia,0,1,-1,https://www.international-football.net/country?team=Brazil
Brazil,2025-09-04,W,Chile,3,0,3,https://www.international-football.net/country?team=Brazil
Brazil,2025-06-10,W,Paraguay,1,0,1,https://www.international-football.net/country?team=Brazil
Brazil,2025-06-05,D,Ecuador,0,0,0,https://www.international-football.net/country?team=Brazil
Morocco,2026-03-31,W,Paraguay,2,1,1,https://www.international-football.net/country?team=Morocco
Morocco,2026-03-27,D,Ecuador,1,1,0,https://www.international-football.net/country?team=Morocco
Morocco,2026-01-18,L,Senegal,0,1,-1,https://www.international-football.net/country?team=Morocco
Morocco,2026-01-14,D,Nigeria,0,0,0,https://www.international-football.net/country?team=Morocco
Morocco,2026-01-09,W,Cameroon,2,0,2,https://www.international-football.net/country?team=Morocco
Morocco,2026-01-04,W,Tanzania,1,0,1,https://www.international-football.net/country?team=Morocco
Morocco,2025-12-29,W,Zambia,3,0,3,https://www.international-football.net/country?team=Morocco
Morocco,2025-12-26,D,Mali,1,1,0,https://www.international-football.net/country?team=Morocco
Morocco,2025-12-21,W,Comoros,2,0,2,https://www.international-football.net/country?team=Morocco
Morocco,2025-12-18,W,Jordan,3,2,1,https://www.international-football.net/country?team=Morocco
Haiti,2026-03-31,D,Iceland,1,1,0,https://www.international-football.net/country?team=Haiti
Haiti,2026-03-28,L,Tunisia,0,1,-1,https://www.international-football.net/country?team=Haiti
Haiti,2025-11-18,W,Nicaragua,2,0,2,https://www.international-football.net/country?team=Haiti
Haiti,2025-11-13,W,Costa Rica,1,0,1,https://www.international-football.net/country?team=Haiti
Haiti,2025-10-13,L,Honduras,0,3,-3,https://www.international-football.net/country?team=Haiti
Haiti,2025-10-09,W,Nicaragua,3,0,3,https://www.international-football.net/country?team=Haiti
Haiti,2025-09-09,D,Costa Rica,3,3,0,https://www.international-football.net/country?team=Haiti
Haiti,2025-09-05,D,Honduras,0,0,0,https://www.international-football.net/country?team=Haiti
Haiti,2025-06-22,L,USA,1,2,-1,https://www.international-football.net/country?team=Haiti
Haiti,2025-06-19,D,Trinidad and Tobago,1,1,0,https://www.international-football.net/country?team=Haiti
Scotland,2026-03-31,L,Cote d'Ivoire,0,1,-1,https://www.international-football.net/country?team=Scotland
Scotland,2026-03-28,L,Japan,0,1,-1,https://www.international-football.net/country?team=Scotland
Scotland,2025-11-18,W,Denmark,4,2,2,https://www.international-football.net/country?team=Scotland
Scotland,2025-11-15,L,Greece,2,3,-1,https://www.international-football.net/country?team=Scotland
Scotland,2025-10-12,W,Belarus,2,1,1,https://www.international-football.net/country?team=Scotland
Scotland,2025-10-09,W,Greece,3,1,2,https://www.international-football.net/country?team=Scotland
Scotland,2025-09-08,W,Belarus,2,0,2,https://www.international-football.net/country?team=Scotland
Scotland,2025-09-05,D,Denmark,0,0,0,https://www.international-football.net/country?team=Scotland
Scotland,2025-06-09,W,Liechtenstein,4,0,4,https://www.international-football.net/country?team=Scotland
Scotland,2025-06-06,L,Iceland,1,3,-2,https://www.international-football.net/country?team=Scotland
USA,2026-03-31,L,Portugal,0,2,-2,https://www.international-football.net/country?team=United%20States
USA,2026-03-28,L,Belgium,2,5,-3,https://www.international-football.net/country?team=United%20States
USA,2025-11-18,W,Uruguay,5,1,4,https://www.international-football.net/country?team=United%20States
USA,2025-11-15,W,Paraguay,2,1,1,https://www.international-football.net/country?team=United%20States
USA,2025-10-14,W,Australia,2,1,1,https://www.international-football.net/country?team=United%20States
USA,2025-10-10,D,Ecuador,1,1,0,https://www.international-football.net/country?team=United%20States
USA,2025-09-09,W,Japan,2,0,2,https://www.international-football.net/country?team=United%20States
USA,2025-09-06,L,Korea Republic,0,2,-2,https://www.international-football.net/country?team=United%20States
USA,2025-07-06,L,Mexico,1,2,-1,https://www.international-football.net/country?team=United%20States
USA,2025-07-02,W,Guatemala,2,1,1,https://www.international-football.net/country?team=United%20States
Paraguay,2026-03-31,L,Morocco,1,2,-1,https://www.international-football.net/country?team=Paraguay
Paraguay,2026-03-27,W,Greece,1,0,1,https://www.international-football.net/country?team=Paraguay
Paraguay,2025-11-18,W,Mexico,2,1,1,https://www.international-football.net/country?team=Paraguay
Paraguay,2025-11-15,L,USA,1,2,-1,https://www.international-football.net/country?team=Paraguay
Paraguay,2025-10-14,L,Korea Republic,0,2,-2,https://www.international-football.net/country?team=Paraguay
Paraguay,2025-10-10,D,Japan,2,2,0,https://www.international-football.net/country?team=Paraguay
Paraguay,2025-09-09,W,Peru,1,0,1,https://www.international-football.net/country?team=Paraguay
Paraguay,2025-09-04,D,Ecuador,0,0,0,https://www.international-football.net/country?team=Paraguay
Paraguay,2025-06-10,L,Brazil,0,1,-1,https://www.international-football.net/country?team=Paraguay
Paraguay,2025-06-05,W,Uruguay,2,0,2,https://www.international-football.net/country?team=Paraguay
Australia,2026-03-31,W,Curacao,5,1,4,https://www.international-football.net/country?team=Australia
Australia,2026-03-27,W,Cameroon,1,0,1,https://www.international-football.net/country?team=Australia
Australia,2025-11-18,L,Colombia,0,3,-3,https://www.international-football.net/country?team=Australia
Australia,2025-11-14,L,Venezuela,0,1,-1,https://www.international-football.net/country?team=Australia
Australia,2025-10-14,L,USA,1,2,-1,https://www.international-football.net/country?team=Australia
Australia,2025-10-10,W,Canada,1,0,1,https://www.international-football.net/country?team=Australia
Australia,2025-09-09,W,New Zealand,3,1,2,https://www.international-football.net/country?team=Australia
Australia,2025-09-05,W,New Zealand,1,0,1,https://www.international-football.net/country?team=Australia
Australia,2025-06-10,W,Saudi Arabia,2,1,1,https://www.international-football.net/country?team=Australia
Australia,2025-06-05,W,Japan,1,0,1,https://www.international-football.net/country?team=Australia
Türkiye,2026-03-31,W,Kosovo,1,0,1,https://www.international-football.net/country?team=Turkey
Türkiye,2026-03-26,W,Romania,1,0,1,https://www.international-football.net/country?team=Turkey
Türkiye,2025-11-18,D,Spain,2,2,0,https://www.international-football.net/country?team=Turkey
Türkiye,2025-11-15,W,Bulgaria,2,0,2,https://www.international-football.net/country?team=Turkey
Türkiye,2025-10-14,W,Georgia,4,1,3,https://www.international-football.net/country?team=Turkey
Türkiye,2025-10-11,W,Bulgaria,6,1,5,https://www.international-football.net/country?team=Turkey
Türkiye,2025-09-07,L,Spain,0,6,-6,https://www.international-football.net/country?team=Turkey
Türkiye,2025-09-04,W,Georgia,3,2,1,https://www.international-football.net/country?team=Turkey
Türkiye,2025-06-10,L,Mexico,0,1,-1,https://www.international-football.net/country?team=Turkey
Türkiye,2025-06-07,W,USA,2,1,1,https://www.international-football.net/country?team=Turkey
Germany,2026-03-30,W,Ghana,2,1,1,https://www.international-football.net/country?team=Germany
Germany,2026-03-27,W,Switzerland,4,3,1,https://www.international-football.net/country?team=Germany
Germany,2025-11-17,W,Slovakia,6,0,6,https://www.international-football.net/country?team=Germany
Germany,2025-11-14,W,Luxembourg,2,0,2,https://www.international-football.net/country?team=Germany
Germany,2025-10-13,W,Northern Ireland,1,0,1,https://www.international-football.net/country?team=Germany
Germany,2025-10-10,W,Luxembourg,4,0,4,https://www.international-football.net/country?team=Germany
Germany,2025-09-07,W,Northern Ireland,3,1,2,https://www.international-football.net/country?team=Germany
Germany,2025-09-04,L,Slovakia,0,2,-2,https://www.international-football.net/country?team=Germany
Germany,2025-06-08,L,France,0,2,-2,https://www.international-football.net/country?team=Germany
Germany,2025-06-04,L,Portugal,1,2,-1,https://www.international-football.net/country?team=Germany
Curacao,2026-03-31,L,Australia,1,5,-4,https://www.international-football.net/country?team=Curacao
Curacao,2026-03-27,L,China,0,2,-2,https://www.international-football.net/country?team=Curacao
Curacao,2025-11-18,D,Jamaica,0,0,0,https://www.international-football.net/country?team=Curacao
Curacao,2025-11-13,W,Bermuda,7,0,7,https://www.international-football.net/country?team=Curacao
Curacao,2025-10-14,D,Trinidad and Tobago,1,1,0,https://www.international-football.net/country?team=Curacao
Curacao,2025-10-10,W,Jamaica,2,0,2,https://www.international-football.net/country?team=Curacao
Curacao,2025-09-09,W,Bermuda,3,2,1,https://www.international-football.net/country?team=Curacao
Curacao,2025-09-05,D,Trinidad and Tobago,0,0,0,https://www.international-football.net/country?team=Curacao
Curacao,2025-06-24,L,Honduras,1,2,-1,https://www.international-football.net/country?team=Curacao
Curacao,2025-06-21,D,Canada,1,1,0,https://www.international-football.net/country?team=Curacao
Cote d'Ivoire,2026-03-31,W,Scotland,1,0,1,https://www.international-football.net/country?team=Ivory%20Coast
Cote d'Ivoire,2026-03-28,W,Korea Republic,4,0,4,https://www.international-football.net/country?team=Ivory%20Coast
Cote d'Ivoire,2026-01-10,L,Egypt,2,3,-1,https://www.international-football.net/country?team=Ivory%20Coast
Cote d'Ivoire,2026-01-06,W,Burkina Faso,3,0,3,https://www.international-football.net/country?team=Ivory%20Coast
Cote d'Ivoire,2025-12-31,W,Gabon,3,2,1,https://www.international-football.net/country?team=Ivory%20Coast
Cote d'Ivoire,2025-12-28,D,Cameroon,1,1,0,https://www.international-football.net/country?team=Ivory%20Coast
Cote d'Ivoire,2025-12-24,W,Mozambique,1,0,1,https://www.international-football.net/country?team=Ivory%20Coast
Cote d'Ivoire,2025-11-18,W,Oman,2,0,2,https://www.international-football.net/country?team=Ivory%20Coast
Cote d'Ivoire,2025-11-14,L,Saudi Arabia,0,1,-1,https://www.international-football.net/country?team=Ivory%20Coast
Cote d'Ivoire,2025-10-14,W,Kenya,3,0,3,https://www.international-football.net/country?team=Ivory%20Coast
Ecuador,2026-03-31,D,Netherlands,1,1,0,https://www.international-football.net/country?team=Ecuador
Ecuador,2026-03-27,D,Morocco,1,1,0,https://www.international-football.net/country?team=Ecuador
Ecuador,2025-11-18,W,New Zealand,2,0,2,https://www.international-football.net/country?team=Ecuador
Ecuador,2025-11-13,D,Canada,0,0,0,https://www.international-football.net/country?team=Ecuador
Ecuador,2025-10-14,D,Mexico,1,1,0,https://www.international-football.net/country?team=Ecuador
Ecuador,2025-10-10,D,USA,1,1,0,https://www.international-football.net/country?team=Ecuador
Ecuador,2025-09-09,W,Argentina,1,0,1,https://www.international-football.net/country?team=Ecuador
Ecuador,2025-09-04,D,Paraguay,0,0,0,https://www.international-football.net/country?team=Ecuador
Ecuador,2025-06-10,D,Peru,0,0,0,https://www.international-football.net/country?team=Ecuador
Ecuador,2025-06-05,D,Brazil,0,0,0,https://www.international-football.net/country?team=Ecuador
Netherlands,2026-03-31,D,Ecuador,1,1,0,https://www.international-football.net/country?team=Netherlands
Netherlands,2026-03-27,W,Norway,2,1,1,https://www.international-football.net/country?team=Netherlands
Netherlands,2025-11-17,W,Lithuania,4,0,4,https://www.international-football.net/country?team=Netherlands
Netherlands,2025-11-14,D,Poland,1,1,0,https://www.international-football.net/country?team=Netherlands
Netherlands,2025-10-12,W,Finland,4,0,4,https://www.international-football.net/country?team=Netherlands
Netherlands,2025-10-09,W,Malta,4,0,4,https://www.international-football.net/country?team=Netherlands
Netherlands,2025-09-07,W,Lithuania,3,2,1,https://www.international-football.net/country?team=Netherlands
Netherlands,2025-09-04,D,Poland,1,1,0,https://www.international-football.net/country?team=Netherlands
Netherlands,2025-06-10,W,Malta,8,0,8,https://www.international-football.net/country?team=Netherlands
Netherlands,2025-06-07,W,Finland,2,0,2,https://www.international-football.net/country?team=Netherlands
Japan,2026-03-31,W,England,1,0,1,https://www.international-football.net/country?team=Japan
Japan,2026-03-28,W,Scotland,1,0,1,https://www.international-football.net/country?team=Japan
Japan,2025-11-18,W,Bolivia,3,0,3,https://www.international-football.net/country?team=Japan
Japan,2025-11-14,W,Ghana,2,0,2,https://www.international-football.net/country?team=Japan
Japan,2025-10-14,W,Brazil,3,2,1,https://www.international-football.net/country?team=Japan
Japan,2025-10-10,D,Paraguay,2,2,0,https://www.international-football.net/country?team=Japan
Japan,2025-09-09,L,USA,0,2,-2,https://www.international-football.net/country?team=Japan
Japan,2025-09-06,D,Mexico,0,0,0,https://www.international-football.net/country?team=Japan
Japan,2025-07-15,W,Korea Republic,1,0,1,https://www.international-football.net/country?team=Japan
Japan,2025-07-12,W,China,2,0,2,https://www.international-football.net/country?team=Japan
Sweden,2026-03-31,W,Poland,3,2,1,https://www.international-football.net/country?team=Sweden
Sweden,2026-03-26,W,Ukraine,3,1,2,https://www.international-football.net/country?team=Sweden
Sweden,2025-11-18,D,Slovenia,1,1,0,https://www.international-football.net/country?team=Sweden
Sweden,2025-11-15,L,Switzerland,1,4,-3,https://www.international-football.net/country?team=Sweden
Sweden,2025-10-13,L,Kosovo,0,1,-1,https://www.international-football.net/country?team=Sweden
Sweden,2025-10-10,L,Switzerland,0,2,-2,https://www.international-football.net/country?team=Sweden
Sweden,2025-09-08,L,Kosovo,0,2,-2,https://www.international-football.net/country?team=Sweden
Sweden,2025-09-05,D,Slovenia,2,2,0,https://www.international-football.net/country?team=Sweden
Sweden,2025-06-10,W,Algeria,4,3,1,https://www.international-football.net/country?team=Sweden
Sweden,2025-06-06,W,Hungary,2,0,2,https://www.international-football.net/country?team=Sweden
Tunisia,2026-03-31,D,Canada,0,0,0,https://www.international-football.net/country?team=Tunisia
Tunisia,2026-03-28,W,Haiti,1,0,1,https://www.international-football.net/country?team=Tunisia
Tunisia,2026-01-03,D,Mali,1,1,0,https://www.international-football.net/country?team=Tunisia
Tunisia,2025-12-30,D,Tanzania,1,1,0,https://www.international-football.net/country?team=Tunisia
Tunisia,2025-12-27,L,Nigeria,2,3,-1,https://www.international-football.net/country?team=Tunisia
Tunisia,2025-12-23,W,Uganda,3,1,2,https://www.international-football.net/country?team=Tunisia
Tunisia,2025-12-18,W,Botswana,2,1,1,https://www.international-football.net/country?team=Tunisia
Tunisia,2025-12-07,W,Qatar,3,0,3,https://www.international-football.net/country?team=Tunisia
Tunisia,2025-12-04,D,Palestine,2,2,0,https://www.international-football.net/country?team=Tunisia
Tunisia,2025-12-01,L,Syria,0,1,-1,https://www.international-football.net/country?team=Tunisia
Belgium,2026-03-31,D,Mexico,1,1,0,https://www.international-football.net/country?team=Belgium
Belgium,2026-03-28,W,USA,5,2,3,https://www.international-football.net/country?team=Belgium
Belgium,2025-11-18,W,Liechtenstein,7,0,7,https://www.international-football.net/country?team=Belgium
Belgium,2025-11-15,D,Kazakhstan,1,1,0,https://www.international-football.net/country?team=Belgium
Belgium,2025-10-13,W,Wales,4,2,2,https://www.international-football.net/country?team=Belgium
Belgium,2025-10-10,D,North Macedonia,0,0,0,https://www.international-football.net/country?team=Belgium
Belgium,2025-09-07,W,Kazakhstan,6,0,6,https://www.international-football.net/country?team=Belgium
Belgium,2025-09-04,W,Liechtenstein,6,0,6,https://www.international-football.net/country?team=Belgium
Belgium,2025-06-09,W,Wales,4,3,1,https://www.international-football.net/country?team=Belgium
Belgium,2025-06-06,D,North Macedonia,1,1,0,https://www.international-football.net/country?team=Belgium
Egypt,2026-03-31,D,Spain,0,0,0,https://www.international-football.net/country?team=Egypt
Egypt,2026-03-27,W,Saudi Arabia,4,0,4,https://www.international-football.net/country?team=Egypt
Egypt,2026-01-17,D,Nigeria,0,0,0,https://www.international-football.net/country?team=Egypt
Egypt,2026-01-14,L,Senegal,0,1,-1,https://www.international-football.net/country?team=Egypt
Egypt,2026-01-10,W,Cote d'Ivoire,3,2,1,https://www.international-football.net/country?team=Egypt
Egypt,2026-01-05,W,Benin,3,1,2,https://www.international-football.net/country?team=Egypt
Egypt,2025-12-29,D,Angola,0,0,0,https://www.international-football.net/country?team=Egypt
Egypt,2025-12-26,W,South Africa,1,0,1,https://www.international-football.net/country?team=Egypt
Egypt,2025-12-22,W,Zimbabwe,2,1,1,https://www.international-football.net/country?team=Egypt
Egypt,2025-12-16,W,Nigeria,2,1,1,https://www.international-football.net/country?team=Egypt
IR Iran,2026-03-31,W,Costa Rica,5,0,5,https://www.international-football.net/country?team=Iran
IR Iran,2026-03-27,L,Nigeria,1,2,-1,https://www.international-football.net/country?team=Iran
IR Iran,2025-11-18,D,Uzbekistan,0,0,0,https://www.international-football.net/country?team=Iran
IR Iran,2025-11-13,D,Cabo Verde,0,0,0,https://www.international-football.net/country?team=Iran
IR Iran,2025-10-14,W,Tanzania,2,0,2,https://www.international-football.net/country?team=Iran
IR Iran,2025-10-10,L,Russia,1,2,-1,https://www.international-football.net/country?team=Iran
IR Iran,2025-09-08,L,Uzbekistan,0,1,-1,https://www.international-football.net/country?team=Iran
IR Iran,2025-09-04,D,Tajikistan,2,2,0,https://www.international-football.net/country?team=Iran
IR Iran,2025-09-01,W,India,3,0,3,https://www.international-football.net/country?team=Iran
IR Iran,2025-08-29,W,Afghanistan,3,1,2,https://www.international-football.net/country?team=Iran
New Zealand,2026-03-30,W,Chile,4,1,3,https://www.international-football.net/country?team=New%20Zealand
New Zealand,2026-03-27,L,Finland,0,2,-2,https://www.international-football.net/country?team=New%20Zealand
New Zealand,2025-11-18,L,Ecuador,0,2,-2,https://www.international-football.net/country?team=New%20Zealand
New Zealand,2025-11-15,L,Colombia,1,2,-1,https://www.international-football.net/country?team=New%20Zealand
New Zealand,2025-10-14,D,Norway,1,1,0,https://www.international-football.net/country?team=New%20Zealand
New Zealand,2025-10-09,L,Poland,0,1,-1,https://www.international-football.net/country?team=New%20Zealand
New Zealand,2025-09-09,L,Australia,1,3,-2,https://www.international-football.net/country?team=New%20Zealand
New Zealand,2025-09-05,L,Australia,0,1,-1,https://www.international-football.net/country?team=New%20Zealand
New Zealand,2025-06-10,L,Ukraine,1,2,-1,https://www.international-football.net/country?team=New%20Zealand
New Zealand,2025-06-07,W,Cote d'Ivoire,1,0,1,https://www.international-football.net/country?team=New%20Zealand
Spain,2026-03-31,D,Egypt,0,0,0,https://www.international-football.net/country?team=Spain
Spain,2026-03-27,W,Serbia,3,0,3,https://www.international-football.net/country?team=Spain
Spain,2025-11-18,D,Türkiye,2,2,0,https://www.international-football.net/country?team=Spain
Spain,2025-11-15,W,Georgia,4,0,4,https://www.international-football.net/country?team=Spain
Spain,2025-10-14,W,Bulgaria,4,0,4,https://www.international-football.net/country?team=Spain
Spain,2025-10-11,W,Georgia,2,0,2,https://www.international-football.net/country?team=Spain
Spain,2025-09-07,W,Türkiye,6,0,6,https://www.international-football.net/country?team=Spain
Spain,2025-09-04,W,Bulgaria,3,0,3,https://www.international-football.net/country?team=Spain
Spain,2025-06-08,D,Portugal,2,2,0,https://www.international-football.net/country?team=Spain
Spain,2025-06-05,W,France,5,4,1,https://www.international-football.net/country?team=Spain
Cabo Verde,2026-03-30,D,Finland,1,1,0,https://www.international-football.net/country?team=Cape%20Verde
Cabo Verde,2026-03-27,L,Chile,2,4,-2,https://www.international-football.net/country?team=Cape%20Verde
Cabo Verde,2025-11-17,D,Egypt,1,1,0,https://www.international-football.net/country?team=Cape%20Verde
Cabo Verde,2025-11-13,D,IR Iran,0,0,0,https://www.international-football.net/country?team=Cape%20Verde
Cabo Verde,2025-10-13,W,Eswatini,3,0,3,https://www.international-football.net/country?team=Cape%20Verde
Cabo Verde,2025-10-08,D,Libya,3,3,0,https://www.international-football.net/country?team=Cape%20Verde
Cabo Verde,2025-09-09,W,Cameroon,1,0,1,https://www.international-football.net/country?team=Cape%20Verde
Cabo Verde,2025-09-04,W,Mauritius,2,0,2,https://www.international-football.net/country?team=Cape%20Verde
Cabo Verde,2025-06-08,D,Georgia,1,1,0,https://www.international-football.net/country?team=Cape%20Verde
Cabo Verde,2025-06-03,W,Malaysia,3,0,3,https://www.international-football.net/country?team=Cape%20Verde
Saudi Arabia,2026-03-31,L,Serbia,1,2,-1,https://www.international-football.net/country?team=Saudi%20Arabia
Saudi Arabia,2026-03-27,L,Egypt,0,4,-4,https://www.international-football.net/country?team=Saudi%20Arabia
Saudi Arabia,2025-12-18,D,United Arab Emirates,0,0,0,https://www.international-football.net/country?team=Saudi%20Arabia
Saudi Arabia,2025-12-15,L,Jordan,0,1,-1,https://www.international-football.net/country?team=Saudi%20Arabia
Saudi Arabia,2025-12-11,W,Palestine,2,1,1,https://www.international-football.net/country?team=Saudi%20Arabia
Saudi Arabia,2025-12-08,L,Morocco,0,1,-1,https://www.international-football.net/country?team=Saudi%20Arabia
Saudi Arabia,2025-12-05,W,Comoros,3,1,2,https://www.international-football.net/country?team=Saudi%20Arabia
Saudi Arabia,2025-12-02,W,Oman,2,1,1,https://www.international-football.net/country?team=Saudi%20Arabia
Saudi Arabia,2025-11-18,L,Algeria,0,2,-2,https://www.international-football.net/country?team=Saudi%20Arabia
Saudi Arabia,2025-11-14,W,Cote d'Ivoire,1,0,1,https://www.international-football.net/country?team=Saudi%20Arabia
Uruguay,2026-03-31,D,Algeria,0,0,0,https://www.international-football.net/country?team=Uruguay
Uruguay,2026-03-27,D,England,1,1,0,https://www.international-football.net/country?team=Uruguay
Uruguay,2025-11-18,L,USA,1,5,-4,https://www.international-football.net/country?team=Uruguay
Uruguay,2025-11-15,D,Mexico,0,0,0,https://www.international-football.net/country?team=Uruguay
Uruguay,2025-10-13,W,Uzbekistan,2,1,1,https://www.international-football.net/country?team=Uruguay
Uruguay,2025-10-10,W,Dominican Republic,1,0,1,https://www.international-football.net/country?team=Uruguay
Uruguay,2025-09-09,D,Chile,0,0,0,https://www.international-football.net/country?team=Uruguay
Uruguay,2025-09-04,W,Peru,3,0,3,https://www.international-football.net/country?team=Uruguay
Uruguay,2025-06-10,W,Venezuela,2,0,2,https://www.international-football.net/country?team=Uruguay
Uruguay,2025-06-05,L,Paraguay,0,2,-2,https://www.international-football.net/country?team=Uruguay
France,2026-03-29,W,Colombia,3,1,2,https://www.international-football.net/country?team=France
France,2026-03-26,W,Brazil,2,1,1,https://www.international-football.net/country?team=France
France,2025-11-16,W,Azerbaijan,3,1,2,https://www.international-football.net/country?team=France
France,2025-11-13,W,Ukraine,4,0,4,https://www.international-football.net/country?team=France
France,2025-10-13,D,Iceland,2,2,0,https://www.international-football.net/country?team=France
France,2025-10-10,W,Azerbaijan,3,0,3,https://www.international-football.net/country?team=France
France,2025-09-09,W,Iceland,2,1,1,https://www.international-football.net/country?team=France
France,2025-09-05,W,Ukraine,2,0,2,https://www.international-football.net/country?team=France
France,2025-06-08,W,Germany,2,0,2,https://www.international-football.net/country?team=France
France,2025-06-05,L,Spain,4,5,-1,https://www.international-football.net/country?team=France
Senegal,2026-03-31,W,Gambia,3,1,2,https://www.international-football.net/country?team=Senegal
Senegal,2026-03-28,W,Peru,2,0,2,https://www.international-football.net/country?team=Senegal
Senegal,2026-01-18,W,Morocco,1,0,1,https://www.international-football.net/country?team=Senegal
Senegal,2026-01-14,W,Egypt,1,0,1,https://www.international-football.net/country?team=Senegal
Senegal,2026-01-09,W,Mali,1,0,1,https://www.international-football.net/country?team=Senegal
Senegal,2026-01-03,W,Sudan,3,1,2,https://www.international-football.net/country?team=Senegal
Senegal,2025-12-30,W,Benin,3,0,3,https://www.international-football.net/country?team=Senegal
Senegal,2025-12-27,D,Congo DR,1,1,0,https://www.international-football.net/country?team=Senegal
Senegal,2025-12-23,W,Botswana,3,0,3,https://www.international-football.net/country?team=Senegal
Senegal,2025-11-18,W,Kenya,8,0,8,https://www.international-football.net/country?team=Senegal
Iraq,2026-03-31,W,Bolivia,2,1,1,https://www.international-football.net/country?team=Iraq
Iraq,2025-12-12,L,Jordan,0,1,-1,https://www.international-football.net/country?team=Iraq
Iraq,2025-12-09,L,Algeria,0,2,-2,https://www.international-football.net/country?team=Iraq
Iraq,2025-12-06,W,Sudan,2,0,2,https://www.international-football.net/country?team=Iraq
Iraq,2025-12-03,W,Bahrain,2,1,1,https://www.international-football.net/country?team=Iraq
Iraq,2025-11-18,W,United Arab Emirates,2,1,1,https://www.international-football.net/country?team=Iraq
Iraq,2025-11-13,D,United Arab Emirates,1,1,0,https://www.international-football.net/country?team=Iraq
Iraq,2025-10-14,D,Saudi Arabia,0,0,0,https://www.international-football.net/country?team=Iraq
Iraq,2025-10-11,W,Indonesia,1,0,1,https://www.international-football.net/country?team=Iraq
Iraq,2025-09-07,W,Thailand,1,0,1,https://www.international-football.net/country?team=Iraq
Norway,2026-03-31,D,Switzerland,0,0,0,https://www.international-football.net/country?team=Norway
Norway,2026-03-27,L,Netherlands,1,2,-1,https://www.international-football.net/country?team=Norway
Norway,2025-11-16,W,Italy,4,1,3,https://www.international-football.net/country?team=Norway
Norway,2025-11-13,W,Estonia,4,1,3,https://www.international-football.net/country?team=Norway
Norway,2025-10-14,D,New Zealand,1,1,0,https://www.international-football.net/country?team=Norway
Norway,2025-10-11,W,Israel,5,0,5,https://www.international-football.net/country?team=Norway
Norway,2025-09-09,W,Moldova,11,1,10,https://www.international-football.net/country?team=Norway
Norway,2025-09-04,W,Finland,1,0,1,https://www.international-football.net/country?team=Norway
Norway,2025-06-09,W,Estonia,1,0,1,https://www.international-football.net/country?team=Norway
Norway,2025-06-06,W,Italy,3,0,3,https://www.international-football.net/country?team=Norway
Argentina,2026-03-31,W,Zambia,5,0,5,https://www.international-football.net/country?team=Argentina
Argentina,2026-03-27,W,Mauritania,2,1,1,https://www.international-football.net/country?team=Argentina
Argentina,2025-11-14,W,Angola,2,0,2,https://www.international-football.net/country?team=Argentina
Argentina,2025-10-14,W,Puerto Rico,6,0,6,https://www.international-football.net/country?team=Argentina
Argentina,2025-10-10,W,Venezuela,1,0,1,https://www.international-football.net/country?team=Argentina
Argentina,2025-09-09,L,Ecuador,0,1,-1,https://www.international-football.net/country?team=Argentina
Argentina,2025-09-04,W,Venezuela,3,0,3,https://www.international-football.net/country?team=Argentina
Argentina,2025-06-10,D,Colombia,1,1,0,https://www.international-football.net/country?team=Argentina
Argentina,2025-06-05,W,Chile,1,0,1,https://www.international-football.net/country?team=Argentina
Argentina,2025-03-25,W,Brazil,4,1,3,https://www.international-football.net/country?team=Argentina
Algeria,2026-03-31,D,Uruguay,0,0,0,https://www.international-football.net/country?team=Algeria
Algeria,2026-03-27,W,Guatemala,7,0,7,https://www.international-football.net/country?team=Algeria
Algeria,2026-01-10,L,Nigeria,0,2,-2,https://www.international-football.net/country?team=Algeria
Algeria,2026-01-06,W,Congo DR,1,0,1,https://www.international-football.net/country?team=Algeria
Algeria,2025-12-31,W,Equatorial Guinea,3,1,2,https://www.international-football.net/country?team=Algeria
Algeria,2025-12-28,W,Burkina Faso,1,0,1,https://www.international-football.net/country?team=Algeria
Algeria,2025-12-24,W,Sudan,3,0,3,https://www.international-football.net/country?team=Algeria
Algeria,2025-12-12,D,United Arab Emirates,1,1,0,https://www.international-football.net/country?team=Algeria
Algeria,2025-12-09,W,Iraq,2,0,2,https://www.international-football.net/country?team=Algeria
Algeria,2025-12-06,W,Bahrain,5,1,4,https://www.international-football.net/country?team=Algeria
Austria,2026-03-31,W,Korea Republic,1,0,1,https://www.international-football.net/country?team=Austria
Austria,2026-03-27,W,Ghana,5,1,4,https://www.international-football.net/country?team=Austria
Austria,2025-11-18,D,Bosnia and Herzegovina,1,1,0,https://www.international-football.net/country?team=Austria
Austria,2025-11-15,W,Cyprus,2,0,2,https://www.international-football.net/country?team=Austria
Austria,2025-10-12,L,Romania,0,1,-1,https://www.international-football.net/country?team=Austria
Austria,2025-10-09,W,San Marino,10,0,10,https://www.international-football.net/country?team=Austria
Austria,2025-09-09,W,Bosnia and Herzegovina,2,1,1,https://www.international-football.net/country?team=Austria
Austria,2025-09-06,W,Cyprus,1,0,1,https://www.international-football.net/country?team=Austria
Austria,2025-06-10,W,San Marino,4,0,4,https://www.international-football.net/country?team=Austria
Austria,2025-06-07,W,Romania,2,1,1,https://www.international-football.net/country?team=Austria
Jordan,2026-03-31,D,Nigeria,2,2,0,https://www.international-football.net/country?team=Jordan
Jordan,2026-03-27,D,Costa Rica,2,2,0,https://www.international-football.net/country?team=Jordan
Jordan,2025-12-18,L,Morocco,2,3,-1,https://www.international-football.net/country?team=Jordan
Jordan,2025-12-15,W,Saudi Arabia,1,0,1,https://www.international-football.net/country?team=Jordan
Jordan,2025-12-12,W,Iraq,1,0,1,https://www.international-football.net/country?team=Jordan
Jordan,2025-12-09,W,Egypt,3,0,3,https://www.international-football.net/country?team=Jordan
Jordan,2025-12-06,W,Kuwait,3,1,2,https://www.international-football.net/country?team=Jordan
Jordan,2025-12-03,W,United Arab Emirates,2,1,1,https://www.international-football.net/country?team=Jordan
Jordan,2025-11-18,D,Mali,0,0,0,https://www.international-football.net/country?team=Jordan
Jordan,2025-11-14,L,Tunisia,2,3,-1,https://www.international-football.net/country?team=Jordan
Portugal,2026-03-31,W,USA,2,0,2,https://www.international-football.net/country?team=Portugal
Portugal,2026-03-28,D,Mexico,0,0,0,https://www.international-football.net/country?team=Portugal
Portugal,2025-11-16,W,Armenia,9,1,8,https://www.international-football.net/country?team=Portugal
Portugal,2025-11-13,L,Ireland,0,2,-2,https://www.international-football.net/country?team=Portugal
Portugal,2025-10-14,D,Hungary,2,2,0,https://www.international-football.net/country?team=Portugal
Portugal,2025-10-11,W,Ireland,1,0,1,https://www.international-football.net/country?team=Portugal
Portugal,2025-09-09,W,Hungary,3,2,1,https://www.international-football.net/country?team=Portugal
Portugal,2025-09-06,W,Armenia,5,0,5,https://www.international-football.net/country?team=Portugal
Portugal,2025-06-08,D,Spain,2,2,0,https://www.international-football.net/country?team=Portugal
Portugal,2025-06-04,W,Germany,2,1,1,https://www.international-football.net/country?team=Portugal
Congo DR,2026-03-31,W,Jamaica,1,0,1,https://www.international-football.net/country?team=Dem.%20Rep.%20of%20Congo
Congo DR,2026-03-25,W,Bermuda,2,0,2,https://www.international-football.net/country?team=Dem.%20Rep.%20of%20Congo
Congo DR,2026-01-06,L,Algeria,0,1,-1,https://www.international-football.net/country?team=Dem.%20Rep.%20of%20Congo
Congo DR,2025-12-30,W,Botswana,3,0,3,https://www.international-football.net/country?team=Dem.%20Rep.%20of%20Congo
Congo DR,2025-12-27,D,Senegal,1,1,0,https://www.international-football.net/country?team=Dem.%20Rep.%20of%20Congo
Congo DR,2025-12-23,W,Benin,1,0,1,https://www.international-football.net/country?team=Dem.%20Rep.%20of%20Congo
Congo DR,2025-12-16,W,Zambia,2,0,2,https://www.international-football.net/country?team=Dem.%20Rep.%20of%20Congo
Congo DR,2025-11-16,D,Nigeria,1,1,0,https://www.international-football.net/country?team=Dem.%20Rep.%20of%20Congo
Congo DR,2025-11-13,W,Cameroon,1,0,1,https://www.international-football.net/country?team=Dem.%20Rep.%20of%20Congo
Congo DR,2025-10-14,W,Sudan,1,0,1,https://www.international-football.net/country?team=Dem.%20Rep.%20of%20Congo
Uzbekistan,2026-03-30,D,Venezuela,0,0,0,https://www.international-football.net/country?team=Uzbekistan
Uzbekistan,2026-03-27,W,Gabon,3,1,2,https://www.international-football.net/country?team=Uzbekistan
Uzbekistan,2026-01-26,D,China,2,2,0,https://www.international-football.net/country?team=Uzbekistan
Uzbekistan,2025-11-18,D,IR Iran,0,0,0,https://www.international-football.net/country?team=Uzbekistan
Uzbekistan,2025-11-14,W,Egypt,2,0,2,https://www.international-football.net/country?team=Uzbekistan
Uzbekistan,2025-10-13,L,Uruguay,1,2,-1,https://www.international-football.net/country?team=Uzbekistan
Uzbekistan,2025-10-09,W,Kuwait,2,0,2,https://www.international-football.net/country?team=Uzbekistan
Uzbekistan,2025-09-08,W,IR Iran,1,0,1,https://www.international-football.net/country?team=Uzbekistan
Uzbekistan,2025-09-05,W,Kyrgyzstan,4,0,4,https://www.international-football.net/country?team=Uzbekistan
Uzbekistan,2025-09-02,W,Turkmenistan,2,1,1,https://www.international-football.net/country?team=Uzbekistan
Colombia,2026-03-29,L,France,1,3,-2,https://www.international-football.net/country?team=Colombia
Colombia,2026-03-26,L,Croatia,1,2,-1,https://www.international-football.net/country?team=Colombia
Colombia,2025-11-18,W,Australia,3,0,3,https://www.international-football.net/country?team=Colombia
Colombia,2025-11-15,W,New Zealand,2,1,1,https://www.international-football.net/country?team=Colombia
Colombia,2025-10-14,D,Canada,0,0,0,https://www.international-football.net/country?team=Colombia
Colombia,2025-10-11,W,Mexico,4,0,4,https://www.international-football.net/country?team=Colombia
Colombia,2025-09-09,W,Venezuela,6,3,3,https://www.international-football.net/country?team=Colombia
Colombia,2025-09-04,W,Bolivia,3,0,3,https://www.international-football.net/country?team=Colombia
Colombia,2025-06-10,D,Argentina,1,1,0,https://www.international-football.net/country?team=Colombia
Colombia,2025-06-06,D,Peru,0,0,0,https://www.international-football.net/country?team=Colombia
England,2026-03-31,L,Japan,0,1,-1,https://www.international-football.net/country?team=England
England,2026-03-27,D,Uruguay,1,1,0,https://www.international-football.net/country?team=England
England,2025-11-16,W,Albania,2,0,2,https://www.international-football.net/country?team=England
England,2025-11-13,W,Serbia,2,0,2,https://www.international-football.net/country?team=England
England,2025-10-14,W,Latvia,5,0,5,https://www.international-football.net/country?team=England
England,2025-10-09,W,Wales,3,0,3,https://www.international-football.net/country?team=England
England,2025-09-09,W,Serbia,5,0,5,https://www.international-football.net/country?team=England
England,2025-09-06,W,Andorra,2,0,2,https://www.international-football.net/country?team=England
England,2025-06-10,L,Senegal,1,3,-2,https://www.international-football.net/country?team=England
England,2025-06-07,W,Andorra,1,0,1,https://www.international-football.net/country?team=England
Croatia,2026-03-31,L,Brazil,1,3,-2,https://www.international-football.net/country?team=Croatia
Croatia,2026-03-26,W,Colombia,2,1,1,https://www.international-football.net/country?team=Croatia
Croatia,2025-11-17,W,Montenegro,3,2,1,https://www.international-football.net/country?team=Croatia
Croatia,2025-11-14,W,Faroe Islands,3,1,2,https://www.international-football.net/country?team=Croatia
Croatia,2025-10-12,W,Gibraltar,3,0,3,https://www.international-football.net/country?team=Croatia
Croatia,2025-10-09,D,Czechia,0,0,0,https://www.international-football.net/country?team=Croatia
Croatia,2025-09-08,W,Montenegro,4,0,4,https://www.international-football.net/country?team=Croatia
Croatia,2025-09-05,W,Faroe Islands,1,0,1,https://www.international-football.net/country?team=Croatia
Croatia,2025-06-09,W,Czechia,5,1,4,https://www.international-football.net/country?team=Croatia
Croatia,2025-06-06,W,Gibraltar,7,0,7,https://www.international-football.net/country?team=Croatia
Ghana,2026-03-30,L,Germany,1,2,-1,https://www.international-football.net/country?team=Ghana
Ghana,2026-03-27,L,Austria,1,5,-4,https://www.international-football.net/country?team=Ghana
Ghana,2025-11-18,L,Korea Republic,0,1,-1,https://www.international-football.net/country?team=Ghana
Ghana,2025-11-14,L,Japan,0,2,-2,https://www.international-football.net/country?team=Ghana
Ghana,2025-10-12,W,Comoros,1,0,1,https://www.international-football.net/country?team=Ghana
Ghana,2025-10-08,W,Central African Republic,5,0,5,https://www.international-football.net/country?team=Ghana
Ghana,2025-09-08,W,Mali,1,0,1,https://www.international-football.net/country?team=Ghana
Ghana,2025-09-04,D,Chad,1,1,0,https://www.international-football.net/country?team=Ghana
Ghana,2025-05-31,W,Trinidad and Tobago,4,0,4,https://www.international-football.net/country?team=Ghana
Ghana,2025-05-28,L,Nigeria,1,2,-1,https://www.international-football.net/country?team=Ghana
Panama,2026-03-31,W,South Africa,2,1,1,https://www.international-football.net/country?team=Panama
Panama,2026-03-27,D,South Africa,1,1,0,https://www.international-football.net/country?team=Panama
Panama,2026-01-22,L,Mexico,0,1,-1,https://www.international-football.net/country?team=Panama
Panama,2026-01-18,D,Bolivia,1,1,0,https://www.international-football.net/country?team=Panama
Panama,2025-11-18,W,El Salvador,3,0,3,https://www.international-football.net/country?team=Panama
Panama,2025-11-13,W,Guatemala,3,2,1,https://www.international-football.net/country?team=Panama
Panama,2025-10-14,D,Suriname,1,1,0,https://www.international-football.net/country?team=Panama
Panama,2025-10-10,W,El Salvador,1,0,1,https://www.international-football.net/country?team=Panama
Panama,2025-09-08,D,Guatemala,1,1,0,https://www.international-football.net/country?team=Panama
Panama,2025-09-04,D,Suriname,0,0,0,https://www.international-football.net/country?team=Panama
