team,slot,player,position,age,club,league,market_value_m,caps,goals,injury_status,expected_role,list_status,source_url,snapshot_date
Mexico,1,,,,,,,,,unknown,squad,provisional,,2026-05-30
Mexico,2,,,,,,,,,unknown,squad,provisional,,2026-05-30
Mexico,3,,,,,,,,,unknown,squad,provisional,,2026-05-30
Mexico,4,,,,,,,,,unknown,squad,provisional,,2026-05-30
Mexico,5,,,,,,,,,unknown,squad,provisional,,2026-05-30
Mexico,6,,,,,,,,,unknown,squad,provisional,,2026-05-30
Mexico,7,,,,,,,,,unknown,squad,provisional,,2026-05-30
Mexico,8,,,,,,,,,unknown,squad,provisional,,2026-05-30
Mexico,9,,,,,,,,,unknown,squad,provisional,,2026-05-30
Mexico,10,,,,,,,,,unknown,squad,provisional,,2026-05-30
Mexico,11,,,,,,,,,unknown,squad,provisional,,2026-05-30
Mexico,12,,,,,,,,,unknown,squad,provisional,,2026-05-30
Mexico,13,,,,,,,,,unknown,squad,provisional,,2026-05-30
Mexico,14,,,,,,,,,unknown,squad,provisional,,2026-05-30
Mexico,15,,,,,,,,,unknown,squad,provisional,,2026-05-30
Mexico,16,,,,,,,,,unknown,squad,provisional,,2026-05-30
Mexico,17,,,,,,,,,unknown,squad,provisional,,2026-05-30
Mexico,18,,,,,,,,,unknown,squad,provisional,,2026-05-30
Mexico,19,,,,,,,,,unknown,squad,provisional,,2026-05-30
Mexico,20,,,,,,,,,unknown,squad,provisional,,2026-05-30
Mexico,21,,,,,,,,,unknown,squad,provisional,,2026-05-30
Mexico,22,,,,,,,,,unknown,squad,provisional,,2026-05-30
Mexico,23,,,,,,,,,unknown,squad,provisional,,2026-05-30
Mexico,24,,,,,,,,,unknown,squad,provisional,,2026-05-30
Mexico,25,,,,,,,,,unknown,squad,provisional,,2026-05-30
Mexico,26,,,,,,,,,unknown,squad,provisional,,2026-05-30
South Africa,1,,,,,,,,,unknown,squad,provisional,,2026-05-30
South Africa,2,,,,,,,,,unknown,squad,provisional,,2026-05-30
South Africa,3,,,,,,,,,unknown,squad,provisional,,2026-05-30
South Africa,4,,,,,,,,,unknown,squad,provisional,,2026-05-30
South Africa,5,,,,,,,,,unknown,squad,provisional,,2026-05-30
South Africa,6,,,,,,,,,unknown,squad,provisional,,2026-05-30
South Africa,7,,,,,,,,,unknown,squad,provisional,,2026-05-30
South Africa,8,,,,,,,,,unknown,squad,provisional,,2026-05-30
South Africa,9,,,,,,,,,unknown,squad,provisional,,2026-05-30
South Africa,10,,,,,,,,,unknown,squad,provisional,,2026-05-30
South Africa,11,,,,,,,,,unknown,squad,provisional,,2026-05-30
South Africa,12,,,,,,,,,unknown,squad,provisional,,2026-05-30
South Africa,13,,,,,,,,,unknown,squad,provisional,,2026-05-30
South Africa,14,,,,,,,,,unknown,squad,provisional,,2026-05-30
South Africa,15,,,,,,,,,unknown,squad,provisional,,2026-05-30
South Africa,16,,,,,,,,,unknown,squad,provisional,,2026-05-30
South Africa,17,,,,,,,,,unknown,squad,provisional,,2026-05-30
South Africa,18,,,,,,,,,unknown,squad,provisional,,2026-05-30
South Africa,19,,,,,,,,,unknown,squad,provisional,,2026-05-30
South Africa,20,,,,,,,,,unknown,squad,provisional,,2026-05-30
South Africa,21,,,,,,,,,unknown,squad,provisional,,2026-05-30
South Africa,22,,,,,,,,,unknown,squad,provisional,,2026-05-30
South Africa,23,,,,,,,,,unknown,squad,provisional,,2026-05-30
South Africa,24,,,,,,,,,unknown,squad,provisional,,2026-05-30
South Africa,25,,,,,,,,,unknown,squad,provisional,,2026-05-30
South Africa,26,,,,,,,,,unknown,squad,provisional,,2026-05-30
Korea Republic,1,,,,,,,,,unknown,squad,provisional,,2026-05-30
Korea Republic,2,,,,,,,,,unknown,squad,provisional,,2026-05-30
Korea Republic,3,,,,,,,,,unknown,squad,provisional,,2026-05-30
Korea Republic,4,,,,,,,,,unknown,squad,provisional,,2026-05-30
Korea Republic,5,,,,,,,,,unknown,squad,provisional,,2026-05-30
Korea Republic,6,,,,,,,,,unknown,squad,provisional,,2026-05-30
Korea Republic,7,,,,,,,,,unknown,squad,provisional,,2026-05-30
Korea Republic,8,,,,,,,,,unknown,squad,provisional,,2026-05-30
Korea Republic,9,,,,,,,,,unknown,squad,provisional,,2026-05-30
Korea Republic,10,,,,,,,,,unknown,squad,provisional,,2026-05-30
Korea Republic,11,,,,,,,,,unknown,squad,provisional,,2026-05-30
Korea Republic,12,,,,,,,,,unknown,squad,provisional,,2026-05-30
Korea Republic,13,,,,,,,,,unknown,squad,provisional,,2026-05-30
Korea Republic,14,,,,,,,,,unknown,squad,provisional,,2026-05-30
Korea Republic,15,,,,,,,,,unknown,squad,provisional,,2026-05-30
Korea Republic,16,,,,,,,,,unknown,squad,provisional,,2026-05-30
Korea Republic,17,,,,,,,,,unknown,squad,provisional,,2026-05-30
Korea Republic,18,,,,,,,,,unknown,squad,provisional,,2026-05-30
Korea Republic,19,,,,,,,,,unknown,squad,provisional,,2026-05-30
Korea Republic,20,,,,,,,,,unknown,squad,provisional,,2026-05-30
Korea Republic,21,,,,,,,,,unknown,squad,provisional,,2026-05-30
Korea Republic,22,,,,,,,,,unknown,squad,provisional,,2026-05-30
Korea Republic,23,,,,,,,,,unknown,squad,provisional,,2026-05-30
Korea Republic,24,,,,,,,,,unknown,squad,provisional,,2026-05-30
Korea Republic,25,,,,,,,,,unknown,squad,provisional,,2026-05-30
Korea Republic,26,,,,,,,,,unknown,squad,provisional,,2026-05-30
Czechia,1,,,,,,,,,unknown,squad,provisional,,2026-05-30
Czechia,2,,,,,,,,,unknown,squad,provisional,,2026-05-30
Czechia,3,,,,,,,,,unknown,squad,provisional,,2026-05-30
Czechia,4,,,,,,,,,unknown,squad,provisional,,2026-05-30
Czechia,5,,,,,,,,,unknown,squad,provisional,,2026-05-30
Czechia,6,,,,,,,,,unknown,squad,provisional,,2026-05-30
Czechia,7,,,,,,,,,unknown,squad,provisional,,2026-05-30
Czechia,8,,,,,,,,,unknown,squad,provisional,,2026-05-30
Czechia,9,,,,,,,,,unknown,squad,provisional,,2026-05-30
Czechia,10,,,,,,,,,unknown,squad,provisional,,2026-05-30
Czechia,11,,,,,,,,,unknown,squad,provisional,,2026-05-30
Czechia,12,,,,,,,,,unknown,squad,provisional,,2026-05-30
Czechia,13,,,,,,,,,unknown,squad,provisional,,2026-05-30
Czechia,14,,,,,,,,,unknown,squad,provisional,,2026-05-30
Czechia,15,,,,,,,,,unknown,squad,provisional,,2026-05-30
Czechia,16,,,,,,,,,unknown,squad,provisional,,2026-05-30
Czechia,17,,,,,,,,,unknown,squad,provisional,,2026-05-30
Czechia,18,,,,,,,,,unknown,squad,provisional,,2026-05-30
Czechia,19,,,,,,,,,unknown,squad,provisional,,2026-05-30
Czechia,20,,,,,,,,,unknown,squad,provisional,,2026-05-30
Czechia,21,,,,,,,,,unknown,squad,provisional,,2026-05-30
Czechia,22,,,,,,,,,unknown,squad,provisional,,2026-05-30
Czechia,23,,,,,,,,,unknown,squad,provisional,,2026-05-30
Czechia,24,,,,,,,,,unknown,squad,provisional,,2026-05-30
Czechia,25,,,,,,,,,unknown,squad,provisional,,2026-05-30
Czechia,26,,,,,,,,,unknown,squad,provisional,,2026-05-30
Canada,1,,,,,,,,,unknown,squad,provisional,,2026-05-30
Canada,2,,,,,,,,,unknown,squad,provisional,,2026-05-30
Canada,3,,,,,,,,,unknown,squad,provisional,,2026-05-30
Canada,4,,,,,,,,,unknown,squad,provisional,,2026-05-30
Canada,5,,,,,,,,,unknown,squad,provisional,,2026-05-30
Canada,6,,,,,,,,,unknown,squad,provisional,,2026-05-30
Canada,7,,,,,,,,,unknown,squad,provisional,,2026-05-30
Canada,8,,,,,,,,,unknown,squad,provisional,,2026-05-30
Canada,9,,,,,,,,,unknown,squad,provisional,,2026-05-30
Canada,10,,,,,,,,,unknown,squad,provisional,,2026-05-30
Canada,11,,,,,,,,,unknown,squad,provisional,,2026-05-30
Canada,12,,,,,,,,,unknown,squad,provisional,,2026-05-30
Canada,13,,,,,,,,,unknown,squad,provisional,,2026-05-30
Canada,14,,,,,,,,,unknown,squad,provisional,,2026-05-30
Canada,15,,,,,,,,,unknown,squad,provisional,,2026-05-30
Canada,16,,,,,,,,,unknown,squad,provisional,,2026-05-30
Canada,17,,,,,,,,,unknown,squad,provisional,,2026-05-30
Canada,18,,,,,,,,,unknown,squad,provisional,,2026-05-30
Canada,19,,,,,,,,,unknown,squad,provisional,,2026-05-30
Canada,20,,,,,,,,,unknown,squad,provisional,,2026-05-30
Canada,21,,,,,,,,,unknown,squad,provisional,,2026-05-30
Canada,22,,,,,,,,,unknown,squad,provisional,,2026-05-30
Canada,23,,,,,,,,,unknown,squad,provisional,,2026-05-30
Canada,24,,,,,,,,,unknown,squad,provisional,,2026-05-30
Canada,25,,,,,,,,,unknown,squad,provisional,,2026-05-30
Canada,26,,,,,,,,,unknown,squad,provisional,,2026-05-30
Bosnia and Herzegovina,1,,,,,,,,,unknown,squad,provisional,,2026-05-30
Bosnia and Herzegovina,2,,,,,,,,,unknown,squad,provisional,,2026-05-30
Bosnia and Herzegovina,3,,,,,,,,,unknown,squad,provisional,,2026-05-30
Bosnia and Herzegovina,4,,,,,,,,,unknown,squad,provisional,,2026-05-30
Bosnia and Herzegovina,5,,,,,,,,,unknown,squad,provisional,,2026-05-30
Bosnia and Herzegovina,6,,,,,,,,,unknown,squad,provisional,,2026-05-30
Bosnia and Herzegovina,7,,,,,,,,,unknown,squad,provisional,,2026-05-30
Bosnia and Herzegovina,8,,,,,,,,,unknown,squad,provisional,,2026-05-30
Bosnia and Herzegovina,9,,,,,,,,,unknown,squad,provisional,,2026-05-30
Bosnia and Herzegovina,10,,,,,,,,,unknown,squad,provisional,,2026-05-30
Bosnia and Herzegovina,11,,,,,,,,,unknown,squad,provisional,,2026-05-30
Bosnia and Herzegovina,12,,,,,,,,,unknown,squad,provisional,,2026-05-30
Bosnia and Herzegovina,13,,,,,,,,,unknown,squad,provisional,,2026-05-30
Bosnia and Herzegovina,14,,,,,,,,,unknown,squad,provisional,,2026-05-30
Bosnia and Herzegovina,15,,,,,,,,,unknown,squad,provisional,,2026-05-30
Bosnia and Herzegovina,16,,,,,,,,,unknown,squad,provisional,,2026-05-30
Bosnia and Herzegovina,17,,,,,,,,,unknown,squad,provisional,,2026-05-30
Bosnia and Herzegovina,18,,,,,,,,,unknown,squad,provisional,,2026-05-30
Bosnia and Herzegovina,19,,,,,,,,,unknown,squad,provisional,,2026-05-30
Bosnia and Herzegovina,20,,,,,,,,,unknown,squad,provisional,,2026-05-30
Bosnia and Herzegovina,21,,,,,,,,,unknown,squad,provisional,,2026-05-30
Bosnia and Herzegovina,22,,,,,,,,,unknown,squad,provisional,,2026-05-30
Bosnia and Herzegovina,23,,,,,,,,,unknown,squad,provisional,,2026-05-30
Bosnia and Herzegovina,24,,,,,,,,,unknown,squad,provisional,,2026-05-30
Bosnia and Herzegovina,25,,,,,,,,,unknown,squad,provisional,,2026-05-30
Bosnia and Herzegovina,26,,,,,,,,,unknown,squad,provisional,,2026-05-30
Qatar,1,,,,,,,,,unknown,squad,provisional,,2026-05-30
Qatar,2,,,,,,,,,unknown,squad,provisional,,2026-05-30
Qatar,3,,,,,,,,,unknown,squad,provisional,,2026-05-30
Qatar,4,,,,,,,,,unknown,squad,provisional,,2026-05-30
Qatar,5,,,,,,,,,unknown,squad,provisional,,2026-05-30
Qatar,6,,,,,,,,,unknown,squad,provisional,,2026-05-30
Qatar,7,,,,,,,,,unknown,squad,provisional,,2026-05-30
Qatar,8,,,,,,,,,unknown,squad,provisional,,2026-05-30
Qatar,9,,,,,,,,,unknown,squad,provisional,,2026-05-30
Qatar,10,,,,,,,,,unknown,squad,provisional,,2026-05-30
Qatar,11,,,,,,,,,unknown,squad,provisional,,2026-05-30
Qatar,12,,,,,,,,,unknown,squad,provisional,,2026-05-30
Qatar,13,,,,,,,,,unknown,squad,provisional,,2026-05-30
Qatar,14,,,,,,,,,unknown,squad,provisional,,2026-05-30
Qatar,15,,,,,,,,,unknown,squad,provisional,,2026-05-30
Qatar,16,,,,,,,,,unknown,squad,provisional,,2026-05-30
Qatar,17,,,,,,,,,unknown,squad,provisional,,2026-05-30
Qatar,18,,,,,,,,,unknown,squad,provisional,,2026-05-30
Qatar,19,,,,,,,,,unknown,squad,provisional,,2026-05-30
Qatar,20,,,,,,,,,unknown,squad,provisional,,2026-05-30
Qatar,21,,,,,,,,,unknown,squad,provisional,,2026-05-30
Qatar,22,,,,,,,,,unknown,squad,provisional,,2026-05-30
Qatar,23,,,,,,,,,unknown,squad,provisional,,2026-05-30
Qatar,24,,,,,,,,,unknown,squad,provisional,,2026-05-30
Qatar,25,,,,,,,,,unknown,squad,provisional,,2026-05-30
Qatar,26,,,,,,,,,unknown,squad,provisional,,2026-05-30
Switzerland,1,,,,,,,,,unknown,squad,provisional,,2026-05-30
Switzerland,2,,,,,,,,,unknown,squad,provisional,,2026-05-30
Switzerland,3,,,,,,,,,unknown,squad,provisional,,2026-05-30
Switzerland,4,,,,,,,,,unknown,squad,provisional,,2026-05-30
Switzerland,5,,,,,,,,,unknown,squad,provisional,,2026-05-30
Switzerland,6,,,,,,,,,unknown,squad,provisional,,2026-05-30
Switzerland,7,,,,,,,,,unknown,squad,provisional,,2026-05-30
Switzerland,8,,,,,,,,,unknown,squad,provisional,,2026-05-30
Switzerland,9,,,,,,,,,unknown,squad,provisional,,2026-05-30
Switzerland,10,,,,,,,,,unknown,squad,provisional,,2026-05-30
Switzerland,11,,,,,,,,,unknown,squad,provisional,,2026-05-30
Switzerland,12,,,,,,,,,unknown,squad,provisional,,2026-05-30
Switzerland,13,,,,,,,,,unknown,squad,provisional,,2026-05-30
Switzerland,14,,,,,,,,,unknown,squad,provisional,,2026-05-30
Switzerland,15,,,,,,,,,unknown,squad,provisional,,2026-05-30
Switzerland,16,,,,,,,,,unknown,squad,provisional,,2026-05-30
Switzerland,17,,,,,,,,,unknown,squad,provisional,,2026-05-30
Switzerland,18,,,,,,,,,unknown,squad,provisional,,2026-05-30
Switzerland,19,,,,,,,,,unknown,squad,provisional,,2026-05-30
Switzerland,20,,,,,,,,,unknown,squad,provisional,,2026-05-30
Switzerland,21,,,,,,,,,unknown,squad,provisional,,2026-05-30
Switzerland,22,,,,,,,,,unknown,squad,provisional,,2026-05-30
Switzerland,23,,,,,,,,,unknown,squad,provisional,,2026-05-30
Switzerland,24,,,,,,,,,unknown,squad,provisional,,2026-05-30
Switzerland,25,,,,,,,,,unknown,squad,provisional,,2026-05-30
Switzerland,26,,,,,,,,,unknown,squad,provisional,,2026-05-30
Brazil,1,,,,,,,,,unknown,squad,provisional,,2026-05-30
Brazil,2,,,,,,,,,unknown,squad,provisional,,2026-05-30
Brazil,3,,,,,,,,,unknown,squad,provisional,,2026-05-30
Brazil,4,,,,,,,,,unknown,squad,provisional,,2026-05-30
Brazil,5,,,,,,,,,unknown,squad,provisional,,2026-05-30
Brazil,6,,,,,,,,,unknown,squad,provisional,,2026-05-30
Brazil,7,,,,,,,,,unknown,squad,provisional,,2026-05-30
Brazil,8,,,,,,,,,unknown,squad,provisional,,2026-05-30
Brazil,9,,,,,,,,,unknown,squad,provisional,,2026-05-30
Brazil,10,,,,,,,,,unknown,squad,provisional,,2026-05-30
Brazil,11,,,,,,,,,unknown,squad,provisional,,2026-05-30
Brazil,12,,,,,,,,,unknown,squad,provisional,,2026-05-30
Brazil,13,,,,,,,,,unknown,squad,provisional,,2026-05-30
Brazil,14,,,,,,,,,unknown,squad,provisional,,2026-05-30
Brazil,15,,,,,,,,,unknown,squad,provisional,,2026-05-30
Brazil,16,,,,,,,,,unknown,squad,provisional,,2026-05-30
Brazil,17,,,,,,,,,unknown,squad,provisional,,2026-05-30
Brazil,18,,,,,,,,,unknown,squad,provisional,,2026-05-30
Brazil,19,,,,,,,,,unknown,squad,provisional,,2026-05-30
Brazil,20,,,,,,,,,unknown,squad,provisional,,2026-05-30
Brazil,21,,,,,,,,,unknown,squad,provisional,,2026-05-30
Brazil,22,,,,,,,,,unknown,squad,provisional,,2026-05-30
Brazil,23,,,,,,,,,unknown,squad,provisional,,2026-05-30
Brazil,24,,,,,,,,,unknown,squad,provisional,,2026-05-30
Brazil,25,,,,,,,,,unknown,squad,provisional,,2026-05-30
Brazil,26,,,,,,,,,unknown,squad,provisional,,2026-05-30
Morocco,1,,,,,,,,,unknown,squad,provisional,,2026-05-30
Morocco,2,,,,,,,,,unknown,squad,provisional,,2026-05-30
Morocco,3,,,,,,,,,unknown,squad,provisional,,2026-05-30
Morocco,4,,,,,,,,,unknown,squad,provisional,,2026-05-30
Morocco,5,,,,,,,,,unknown,squad,provisional,,2026-05-30
Morocco,6,,,,,,,,,unknown,squad,provisional,,2026-05-30
Morocco,7,,,,,,,,,unknown,squad,provisional,,2026-05-30
Morocco,8,,,,,,,,,unknown,squad,provisional,,2026-05-30
Morocco,9,,,,,,,,,unknown,squad,provisional,,2026-05-30
Morocco,10,,,,,,,,,unknown,squad,provisional,,2026-05-30
Morocco,11,,,,,,,,,unknown,squad,provisional,,2026-05-30
Morocco,12,,,,,,,,,unknown,squad,provisional,,2026-05-30
Morocco,13,,,,,,,,,unknown,squad,provisional,,2026-05-30
Morocco,14,,,,,,,,,unknown,squad,provisional,,2026-05-30
Morocco,15,,,,,,,,,unknown,squad,provisional,,2026-05-30
Morocco,16,,,,,,,,,unknown,squad,provisional,,2026-05-30
Morocco,17,,,,,,,,,unknown,squad,provisional,,2026-05-30
Morocco,18,,,,,,,,,unknown,squad,provisional,,2026-05-30
Morocco,19,,,,,,,,,unknown,squad,provisional,,2026-05-30
Morocco,20,,,,,,,,,unknown,squad,provisional,,2026-05-30
Morocco,21,,,,,,,,,unknown,squad,provisional,,2026-05-30
Morocco,22,,,,,,,,,unknown,squad,provisional,,2026-05-30
Morocco,23,,,,,,,,,unknown,squad,provisional,,2026-05-30
Morocco,24,,,,,,,,,unknown,squad,provisional,,2026-05-30
Morocco,25,,,,,,,,,unknown,squad,provisional,,2026-05-30
Morocco,26,,,,,,,,,unknown,squad,provisional,,2026-05-30
Haiti,1,,,,,,,,,unknown,squad,provisional,,2026-05-30
Haiti,2,,,,,,,,,unknown,squad,provisional,,2026-05-30
Haiti,3,,,,,,,,,unknown,squad,provisional,,2026-05-30
Haiti,4,,,,,,,,,unknown,squad,provisional,,2026-05-30
Haiti,5,,,,,,,,,unknown,squad,provisional,,2026-05-30
Haiti,6,,,,,,,,,unknown,squad,provisional,,2026-05-30
Haiti,7,,,,,,,,,unknown,squad,provisional,,2026-05-30
Haiti,8,,,,,,,,,unknown,squad,provisional,,2026-05-30
Haiti,9,,,,,,,,,unknown,squad,provisional,,2026-05-30
Haiti,10,,,,,,,,,unknown,squad,provisional,,2026-05-30
Haiti,11,,,,,,,,,unknown,squad,provisional,,2026-05-30
Haiti,12,,,,,,,,,unknown,squad,provisional,,2026-05-30
Haiti,13,,,,,,,,,unknown,squad,provisional,,2026-05-30
Haiti,14,,,,,,,,,unknown,squad,provisional,,2026-05-30
Haiti,15,,,,,,,,,unknown,squad,provisional,,2026-05-30
Haiti,16,,,,,,,,,unknown,squad,provisional,,2026-05-30
Haiti,17,,,,,,,,,unknown,squad,provisional,,2026-05-30
Haiti,18,,,,,,,,,unknown,squad,provisional,,2026-05-30
Haiti,19,,,,,,,,,unknown,squad,provisional,,2026-05-30
Haiti,20,,,,,,,,,unknown,squad,provisional,,2026-05-30
Haiti,21,,,,,,,,,unknown,squad,provisional,,2026-05-30
Haiti,22,,,,,,,,,unknown,squad,provisional,,2026-05-30
Haiti,23,,,,,,,,,unknown,squad,provisional,,2026-05-30
Haiti,24,,,,,,,,,unknown,squad,provisional,,2026-05-30
Haiti,25,,,,,,,,,unknown,squad,provisional,,2026-05-30
Haiti,26,,,,,,,,,unknown,squad,provisional,,2026-05-30
Scotland,1,,,,,,,,,unknown,squad,provisional,,2026-05-30
Scotland,2,,,,,,,,,unknown,squad,provisional,,2026-05-30
Scotland,3,,,,,,,,,unknown,squad,provisional,,2026-05-30
Scotland,4,,,,,,,,,unknown,squad,provisional,,2026-05-30
Scotland,5,,,,,,,,,unknown,squad,provisional,,2026-05-30
Scotland,6,,,,,,,,,unknown,squad,provisional,,2026-05-30
Scotland,7,,,,,,,,,unknown,squad,provisional,,2026-05-30
Scotland,8,,,,,,,,,unknown,squad,provisional,,2026-05-30
Scotland,9,,,,,,,,,unknown,squad,provisional,,2026-05-30
Scotland,10,,,,,,,,,unknown,squad,provisional,,2026-05-30
Scotland,11,,,,,,,,,unknown,squad,provisional,,2026-05-30
Scotland,12,,,,,,,,,unknown,squad,provisional,,2026-05-30
Scotland,13,,,,,,,,,unknown,squad,provisional,,2026-05-30
Scotland,14,,,,,,,,,unknown,squad,provisional,,2026-05-30
Scotland,15,,,,,,,,,unknown,squad,provisional,,2026-05-30
Scotland,16,,,,,,,,,unknown,squad,provisional,,2026-05-30
Scotland,17,,,,,,,,,unknown,squad,provisional,,2026-05-30
Scotland,18,,,,,,,,,unknown,squad,provisional,,2026-05-30
Scotland,19,,,,,,,,,unknown,squad,provisional,,2026-05-30
Scotland,20,,,,,,,,,unknown,squad,provisional,,2026-05-30
Scotland,21,,,,,,,,,unknown,squad,provisional,,2026-05-30
Scotland,22,,,,,,,,,unknown,squad,provisional,,2026-05-30
Scotland,23,,,,,,,,,unknown,squad,provisional,,2026-05-30
Scotland,24,,,,,,,,,unknown,squad,provisional,,2026-05-30
Scotland,25,,,,,,,,,unknown,squad,provisional,,2026-05-30
Scotland,26,,,,,,,,,unknown,squad,provisional,,2026-05-30
USA,1,,,,,,,,,unknown,squad,provisional,,2026-05-30
USA,2,,,,,,,,,unknown,squad,provisional,,2026-05-30
USA,3,,,,,,,,,unknown,squad,provisional,,2026-05-30
USA,4,,,,,,,,,unknown,squad,provisional,,2026-05-30
USA,5,,,,,,,,,unknown,squad,provisional,,2026-05-30
USA,6,,,,,,,,,unknown,squad,provisional,,2026-05-30
USA,7,,,,,,,,,unknown,squad,provisional,,2026-05-30
USA,8,,,,,,,,,unknown,squad,provisional,,2026-05-30
USA,9,,,,,,,,,unknown,squad,provisional,,2026-05-30
USA,10,,,,,,,,,unknown,squad,provisional,,2026-05-30
USA,11,,,,,,,,,unknown,squad,provisional,,2026-05-30
USA,12,,,,,,,,,unknown,squad,provisional,,2026-05-30
USA,13,,,,,,,,,unknown,squad,provisional,,2026-05-30
USA,14,,,,,,,,,unknown,squad,provisional,,2026-05-30
USA,15,,,,,,,,,unknown,squad,provisional,,2026-05-30
USA,16,,,,,,,,,unknown,squad,provisional,,2026-05-30
USA,17,,,,,,,,,unknown,squad,provisional,,2026-05-30
USA,18,,,,,,,,,unknown,squad,provisional,,2026-05-30
USA,19,,,,,,,,,unknown,squad,provisional,,2026-05-30
USA,20,,,,,,,,,unknown,squad,provisional,,2026-05-30
USA,21,,,,,,,,,unknown,squad,provisional,,2026-05-30
USA,22,,,,,,,,,unknown,squad,provisional,,2026-05-30
USA,23,,,,,,,,,unknown,squad,provisional,,2026-05-30
USA,24,,,,,,,,,unknown,squad,provisional,,2026-05-30
USA,25,,,,,,,,,unknown,squad,provisional,,2026-05-30
USA,26,,,,,,,,,unknown,squad,provisional,,2026-05-30
Paraguay,1,,,,,,,,,unknown,squad,provisional,,2026-05-30
Paraguay,2,,,,,,,,,unknown,squad,provisional,,2026-05-30
Paraguay,3,,,,,,,,,unknown,squad,provisional,,2026-05-30
Paraguay,4,,,,,,,,,unknown,squad,provisional,,2026-05-30
Paraguay,5,,,,,,,,,unknown,squad,provisional,,2026-05-30
Paraguay,6,,,,,,,,,unknown,squad,provisional,,2026-05-30
Paraguay,7,,,,,,,,,unknown,squad,provisional,,2026-05-30
Paraguay,8,,,,,,,,,unknown,squad,provisional,,2026-05-30
Paraguay,9,,,,,,,,,unknown,squad,provisional,,2026-05-30
Paraguay,10,,,,,,,,,unknown,squad,provisional,,2026-05-30
Paraguay,11,,,,,,,,,unknown,squad,provisional,,2026-05-30
Paraguay,12,,,,,,,,,unknown,squad,provisional,,2026-05-30
Paraguay,13,,,,,,,,,unknown,squad,provisional,,2026-05-30
Paraguay,14,,,,,,,,,unknown,squad,provisional,,2026-05-30
Paraguay,15,,,,,,,,,unknown,squad,provisional,,2026-05-30
Paraguay,16,,,,,,,,,unknown,squad,provisional,,2026-05-30
Paraguay,17,,,,,,,,,unknown,squad,provisional,,2026-05-30
Paraguay,18,,,,,,,,,unknown,squad,provisional,,2026-05-30
Paraguay,19,,,,,,,,,unknown,squad,provisional,,2026-05-30
Paraguay,20,,,,,,,,,unknown,squad,provisional,,2026-05-30
Paraguay,21,,,,,,,,,unknown,squad,provisional,,2026-05-30
Paraguay,22,,,,,,,,,unknown,squad,provisional,,2026-05-30
Paraguay,23,,,,,,,,,unknown,squad,provisional,,2026-05-30
Paraguay,24,,,,,,,,,unknown,squad,provisional,,2026-05-30
Paraguay,25,,,,,,,,,unknown,squad,provisional,,2026-05-30
Paraguay,26,,,,,,,,,unknown,squad,provisional,,2026-05-30
Australia,1,,,,,,,,,unknown,squad,provisional,,2026-05-30
Australia,2,,,,,,,,,unknown,squad,provisional,,2026-05-30
Australia,3,,,,,,,,,unknown,squad,provisional,,2026-05-30
Australia,4,,,,,,,,,unknown,squad,provisional,,2026-05-30
Australia,5,,,,,,,,,unknown,squad,provisional,,2026-05-30
Australia,6,,,,,,,,,unknown,squad,provisional,,2026-05-30
Australia,7,,,,,,,,,unknown,squad,provisional,,2026-05-30
Australia,8,,,,,,,,,unknown,squad,provisional,,2026-05-30
Australia,9,,,,,,,,,unknown,squad,provisional,,2026-05-30
Australia,10,,,,,,,,,unknown,squad,provisional,,2026-05-30
Australia,11,,,,,,,,,unknown,squad,provisional,,2026-05-30
Australia,12,,,,,,,,,unknown,squad,provisional,,2026-05-30
Australia,13,,,,,,,,,unknown,squad,provisional,,2026-05-30
Australia,14,,,,,,,,,unknown,squad,provisional,,2026-05-30
Australia,15,,,,,,,,,unknown,squad,provisional,,2026-05-30
Australia,16,,,,,,,,,unknown,squad,provisional,,2026-05-30
Australia,17,,,,,,,,,unknown,squad,provisional,,2026-05-30
Australia,18,,,,,,,,,unknown,squad,provisional,,2026-05-30
Australia,19,,,,,,,,,unknown,squad,provisional,,2026-05-30
Australia,20,,,,,,,,,unknown,squad,provisional,,2026-05-30
Australia,21,,,,,,,,,unknown,squad,provisional,,2026-05-30
Australia,22,,,,,,,,,unknown,squad,provisional,,2026-05-30
Australia,23,,,,,,,,,unknown,squad,provisional,,2026-05-30
Australia,24,,,,,,,,,unknown,squad,provisional,,2026-05-30
Australia,25,,,,,,,,,unknown,squad,provisional,,2026-05-30
Australia,26,,,,,,,,,unknown,squad,provisional,,2026-05-30
Türkiye,1,,,,,,,,,unknown,squad,provisional,,2026-05-30
Türkiye,2,,,,,,,,,unknown,squad,provisional,,2026-05-30
Türkiye,3,,,,,,,,,unknown,squad,provisional,,2026-05-30
Türkiye,4,,,,,,,,,unknown,squad,provisional,,2026-05-30
Türkiye,5,,,,,,,,,unknown,squad,provisional,,2026-05-30
Türkiye,6,,,,,,,,,unknown,squad,provisional,,2026-05-30
Türkiye,7,,,,,,,,,unknown,squad,provisional,,2026-05-30
Türkiye,8,,,,,,,,,unknown,squad,provisional,,2026-05-30
Türkiye,9,,,,,,,,,unknown,squad,provisional,,2026-05-30
Türkiye,10,,,,,,,,,unknown,squad,provisional,,2026-05-30
Türkiye,11,,,,,,,,,unknown,squad,provisional,,2026-05-30
Türkiye,12,,,,,,,,,unknown,squad,provisional,,2026-05-30
Türkiye,13,,,,,,,,,unknown,squad,provisional,,2026-05-30
Türkiye,14,,,,,,,,,unknown,squad,provisional,,2026-05-30
Türkiye,15,,,,,,,,,unknown,squad,provisional,,2026-05-30
Türkiye,16,,,,,,,,,unknown,squad,provisional,,2026-05-30
Türkiye,17,,,,,,,,,unknown,squad,provisional,,2026-05-30
Türkiye,18,,,,,,,,,unknown,squad,provisional,,2026-05-30
Türkiye,19,,,,,,,,,unknown,squad,provisional,,2026-05-30
Türkiye,20,,,,,,,,,unknown,squad,provisional,,2026-05-30
Türkiye,21,,,,,,,,,unknown,squad,provisional,,2026-05-30
Türkiye,22,,,,,,,,,unknown,squad,provisional,,2026-05-30
Türkiye,23,,,,,,,,,unknown,squad,provisional,,2026-05-30
Türkiye,24,,,,,,,,,unknown,squad,provisional,,2026-05-30
Türkiye,25,,,,,,,,,unknown,squad,provisional,,2026-05-30
Türkiye,26,,,,,,,,,unknown,squad,provisional,,2026-05-30
Germany,1,,,,,,,,,unknown,squad,provisional,,2026-05-30
Germany,2,,,,,,,,,unknown,squad,provisional,,2026-05-30
Germany,3,,,,,,,,,unknown,squad,provisional,,2026-05-30
Germany,4,,,,,,,,,unknown,squad,provisional,,2026-05-30
Germany,5,,,,,,,,,unknown,squad,provisional,,2026-05-30
Germany,6,,,,,,,,,unknown,squad,provisional,,2026-05-30
Germany,7,,,,,,,,,unknown,squad,provisional,,2026-05-30
Germany,8,,,,,,,,,unknown,squad,provisional,,2026-05-30
Germany,9,,,,,,,,,unknown,squad,provisional,,2026-05-30
Germany,10,,,,,,,,,unknown,squad,provisional,,2026-05-30
Germany,11,,,,,,,,,unknown,squad,provisional,,2026-05-30
Germany,12,,,,,,,,,unknown,squad,provisional,,2026-05-30
Germany,13,,,,,,,,,unknown,squad,provisional,,2026-05-30
Germany,14,,,,,,,,,unknown,squad,provisional,,2026-05-30
Germany,15,,,,,,,,,unknown,squad,provisional,,2026-05-30
Germany,16,,,,,,,,,unknown,squad,provisional,,2026-05-30
Germany,17,,,,,,,,,unknown,squad,provisional,,2026-05-30
Germany,18,,,,,,,,,unknown,squad,provisional,,2026-05-30
Germany,19,,,,,,,,,unknown,squad,provisional,,2026-05-30
Germany,20,,,,,,,,,unknown,squad,provisional,,2026-05-30
Germany,21,,,,,,,,,unknown,squad,provisional,,2026-05-30
Germany,22,,,,,,,,,unknown,squad,provisional,,2026-05-30
Germany,23,,,,,,,,,unknown,squad,provisional,,2026-05-30
Germany,24,,,,,,,,,unknown,squad,provisional,,2026-05-30
Germany,25,,,,,,,,,unknown,squad,provisional,,2026-05-30
Germany,26,,,,,,,,,unknown,squad,provisional,,2026-05-30
Curacao,1,,,,,,,,,unknown,squad,provisional,,2026-05-30
Curacao,2,,,,,,,,,unknown,squad,provisional,,2026-05-30
Curacao,3,,,,,,,,,unknown,squad,provisional,,2026-05-30
Curacao,4,,,,,,,,,unknown,squad,provisional,,2026-05-30
Curacao,5,,,,,,,,,unknown,squad,provisional,,2026-05-30
Curacao,6,,,,,,,,,unknown,squad,provisional,,2026-05-30
Curacao,7,,,,,,,,,unknown,squad,provisional,,2026-05-30
Curacao,8,,,,,,,,,unknown,squad,provisional,,2026-05-30
Curacao,9,,,,,,,,,unknown,squad,provisional,,2026-05-30
Curacao,10,,,,,,,,,unknown,squad,provisional,,2026-05-30
Curacao,11,,,,,,,,,unknown,squad,provisional,,2026-05-30
Curacao,12,,,,,,,,,unknown,squad,provisional,,2026-05-30
Curacao,13,,,,,,,,,unknown,squad,provisional,,2026-05-30
Curacao,14,,,,,,,,,unknown,squad,provisional,,2026-05-30
Curacao,15,,,,,,,,,unknown,squad,provisional,,2026-05-30
Curacao,16,,,,,,,,,unknown,squad,provisional,,2026-05-30
Curacao,17,,,,,,,,,unknown,squad,provisional,,2026-05-30
Curacao,18,,,,,,,,,unknown,squad,provisional,,2026-05-30
Curacao,19,,,,,,,,,unknown,squad,provisional,,2026-05-30
Curacao,20,,,,,,,,,unknown,squad,provisional,,2026-05-30
Curacao,21,,,,,,,,,unknown,squad,provisional,,2026-05-30
Curacao,22,,,,,,,,,unknown,squad,provisional,,2026-05-30
Curacao,23,,,,,,,,,unknown,squad,provisional,,2026-05-30
Curacao,24,,,,,,,,,unknown,squad,provisional,,2026-05-30
Curacao,25,,,,,,,,,unknown,squad,provisional,,2026-05-30
Curacao,26,,,,,,,,,unknown,squad,provisional,,2026-05-30
Cote d'Ivoire,1,,,,,,,,,unknown,squad,provisional,,2026-05-30
Cote d'Ivoire,2,,,,,,,,,unknown,squad,provisional,,2026-05-30
Cote d'Ivoire,3,,,,,,,,,unknown,squad,provisional,,2026-05-30
Cote d'Ivoire,4,,,,,,,,,unknown,squad,provisional,,2026-05-30
Cote d'Ivoire,5,,,,,,,,,unknown,squad,provisional,,2026-05-30
Cote d'Ivoire,6,,,,,,,,,unknown,squad,provisional,,2026-05-30
Cote d'Ivoire,7,,,,,,,,,unknown,squad,provisional,,2026-05-30
Cote d'Ivoire,8,,,,,,,,,unknown,squad,provisional,,2026-05-30
Cote d'Ivoire,9,,,,,,,,,unknown,squad,provisional,,2026-05-30
Cote d'Ivoire,10,,,,,,,,,unknown,squad,provisional,,2026-05-30
Cote d'Ivoire,11,,,,,,,,,unknown,squad,provisional,,2026-05-30
Cote d'Ivoire,12,,,,,,,,,unknown,squad,provisional,,2026-05-30
Cote d'Ivoire,13,,,,,,,,,unknown,squad,provisional,,2026-05-30
Cote d'Ivoire,14,,,,,,,,,unknown,squad,provisional,,2026-05-30
Cote d'Ivoire,15,,,,,,,,,unknown,squad,provisional,,2026-05-30
Cote d'Ivoire,16,,,,,,,,,unknown,squad,provisional,,2026-05-30
Cote d'Ivoire,17,,,,,,,,,unknown,squad,provisional,,2026-05-30
Cote d'Ivoire,18,,,,,,,,,unknown,squad,provisional,,2026-05-30
Cote d'Ivoire,19,,,,,,,,,unknown,squad,provisional,,2026-05-30
Cote d'Ivoire,20,,,,,,,,,unknown,squad,provisional,,2026-05-30
Cote d'Ivoire,21,,,,,,,,,unknown,squad,provisional,,2026-05-30
Cote d'Ivoire,22,,,,,,,,,unknown,squad,provisional,,2026-05-30
Cote d'Ivoire,23,,,,,,,,,unknown,squad,provisional,,2026-05-30
Cote d'Ivoire,24,,,,,,,,,unknown,squad,provisional,,2026-05-30
Cote d'Ivoire,25,,,,,,,,,unknown,squad,provisional,,2026-05-30
Cote d'Ivoire,26,,,,,,,,,unknown,squad,provisional,,2026-05-30
Ecuador,1,,,,,,,,,unknown,squad,provisional,,2026-05-30
Ecuador,2,,,,,,,,,unknown,squad,provisional,,2026-05-30
Ecuador,3,,,,,,,,,unknown,squad,provisional,,2026-05-30
Ecuador,4,,,,,,,,,unknown,squad,provisional,,2026-05-30
Ecuador,5,,,,,,,,,unknown,squad,provisional,,2026-05-30
Ecuador,6,,,,,,,,,unknown,squad,provisional,,2026-05-30
Ecuador,7,,,,,,,,,unknown,squad,provisional,,2026-05-30
Ecuador,8,,,,,,,,,unknown,squad,provisional,,2026-05-30
Ecuador,9,,,,,,,,,unknown,squad,provisional,,2026-05-30
Ecuador,10,,,,,,,,,unknown,squad,provisional,,2026-05-30
Ecuador,11,,,,,,,,,unknown,squad,provisional,,2026-05-30
Ecuador,12,,,,,,,,,unknown,squad,provisional,,2026-05-30
Ecuador,13,,,,,,,,,unknown,squad,provisional,,2026-05-30
Ecuador,14,,,,,,,,,unknown,squad,provisional,,2026-05-30
Ecuador,15,,,,,,,,,unknown,squad,provisional,,2026-05-30
Ecuador,16,,,,,,,,,unknown,squad,provisional,,2026-05-30
Ecuador,17,,,,,,,,,unknown,squad,provisional,,2026-05-30
Ecuador,18,,,,,,,,,unknown,squad,provisional,,2026-05-30
Ecuador,19,,,,,,,,,unknown,squad,provisional,,2026-05-30
Ecuador,20,,,,,,,,,unknown,squad,provisional,,2026-05-30
Ecuador,21,,,,,,,,,unknown,squad,provisional,,2026-05-30
Ecuador,22,,,,,,,,,unknown,squad,provisional,,2026-05-30
Ecuador,23,,,,,,,,,unknown,squad,provisional,,2026-05-30
Ecuador,24,,,,,,,,,unknown,squad,provisional,,2026-05-30
Ecuador,25,,,,,,,,,unknown,squad,provisional,,2026-05-30
Ecuador,26,,,,,,,,,unknown,squad,provisional,,2026-05-30
Netherlands,1,,,,,,,,,unknown,squad,provisional,,2026-05-30
Netherlands,2,,,,,,,,,unknown,squad,provisional,,2026-05-30
Netherlands,3,,,,,,,,,unknown,squad,provisional,,2026-05-30
Netherlands,4,,,,,,,,,unknown,squad,provisional,,2026-05-30
Netherlands,5,,,,,,,,,unknown,squad,provisional,,2026-05-30
Netherlands,6,,,,,,,,,unknown,squad,provisional,,2026-05-30
Netherlands,7,,,,,,,,,unknown,squad,provisional,,2026-05-30
Netherlands,8,,,,,,,,,unknown,squad,provisional,,2026-05-30
Netherlands,9,,,,,,,,,unknown,squad,provisional,,2026-05-30
Netherlands,10,,,,,,,,,unknown,squad,provisional,,2026-05-30
Netherlands,11,,,,,,,,,unknown,squad,provisional,,2026-05-30
Netherlands,12,,,,,,,,,unknown,squad,provisional,,2026-05-30
Netherlands,13,,,,,,,,,unknown,squad,provisional,,2026-05-30
Netherlands,14,,,,,,,,,unknown,squad,provisional,,2026-05-30
Netherlands,15,,,,,,,,,unknown,squad,provisional,,2026-05-30
Netherlands,16,,,,,,,,,unknown,squad,provisional,,2026-05-30
Netherlands,17,,,,,,,,,unknown,squad,provisional,,2026-05-30
Netherlands,18,,,,,,,,,unknown,squad,provisional,,2026-05-30
Netherlands,19,,,,,,,,,unknown,squad,provisional,,2026-05-30
Netherlands,20,,,,,,,,,unknown,squad,provisional,,2026-05-30
Netherlands,21,,,,,,,,,unknown,squad,provisional,,2026-05-30
Netherlands,22,,,,,,,,,unknown,squad,provisional,,2026-05-30
Netherlands,23,,,,,,,,,unknown,squad,provisional,,2026-05-30
Netherlands,24,,,,,,,,,unknown,squad,provisional,,2026-05-30
Netherlands,25,,,,,,,,,unknown,squad,provisional,,2026-05-30
Netherlands,26,,,,,,,,,unknown,squad,provisional,,2026-05-30
Japan,1,,,,,,,,,unknown,squad,provisional,,2026-05-30
Japan,2,,,,,,,,,unknown,squad,provisional,,2026-05-30
Japan,3,,,,,,,,,unknown,squad,provisional,,2026-05-30
Japan,4,,,,,,,,,unknown,squad,provisional,,2026-05-30
Japan,5,,,,,,,,,unknown,squad,provisional,,2026-05-30
Japan,6,,,,,,,,,unknown,squad,provisional,,2026-05-30
Japan,7,,,,,,,,,unknown,squad,provisional,,2026-05-30
Japan,8,,,,,,,,,unknown,squad,provisional,,2026-05-30
Japan,9,,,,,,,,,unknown,squad,provisional,,2026-05-30
Japan,10,,,,,,,,,unknown,squad,provisional,,2026-05-30
Japan,11,,,,,,,,,unknown,squad,provisional,,2026-05-30
Japan,12,,,,,,,,,unknown,squad,provisional,,2026-05-30
Japan,13,,,,,,,,,unknown,squad,provisional,,2026-05-30
Japan,14,,,,,,,,,unknown,squad,provisional,,2026-05-30
Japan,15,,,,,,,,,unknown,squad,provisional,,2026-05-30
Japan,16,,,,,,,,,unknown,squad,provisional,,2026-05-30
Japan,17,,,,,,,,,unknown,squad,provisional,,2026-05-30
Japan,18,,,,,,,,,unknown,squad,provisional,,2026-05-30
Japan,19,,,,,,,,,unknown,squad,provisional,,2026-05-30
Japan,20,,,,,,,,,unknown,squad,provisional,,2026-05-30
Japan,21,,,,,,,,,unknown,squad,provisional,,2026-05-30
Japan,22,,,,,,,,,unknown,squad,provisional,,2026-05-30
Japan,23,,,,,,,,,unknown,squad,provisional,,2026-05-30
Japan,24,,,,,,,,,unknown,squad,provisional,,2026-05-30
Japan,25,,,,,,,,,unknown,squad,provisional,,2026-05-30
Japan,26,,,,,,,,,unknown,squad,provisional,,2026-05-30
Sweden,1,,,,,,,,,unknown,squad,provisional,,2026-05-30
Sweden,2,,,,,,,,,unknown,squad,provisional,,2026-05-30
Sweden,3,,,,,,,,,unknown,squad,provisional,,2026-05-30
Sweden,4,,,,,,,,,unknown,squad,provisional,,2026-05-30
Sweden,5,,,,,,,,,unknown,squad,provisional,,2026-05-30
Sweden,6,,,,,,,,,unknown,squad,provisional,,2026-05-30
Sweden,7,,,,,,,,,unknown,squad,provisional,,2026-05-30
Sweden,8,,,,,,,,,unknown,squad,provisional,,2026-05-30
Sweden,9,,,,,,,,,unknown,squad,provisional,,2026-05-30
Sweden,10,,,,,,,,,unknown,squad,provisional,,2026-05-30
Sweden,11,,,,,,,,,unknown,squad,provisional,,2026-05-30
Sweden,12,,,,,,,,,unknown,squad,provisional,,2026-05-30
Sweden,13,,,,,,,,,unknown,squad,provisional,,2026-05-30
Sweden,14,,,,,,,,,unknown,squad,provisional,,2026-05-30
Sweden,15,,,,,,,,,unknown,squad,provisional,,2026-05-30
Sweden,16,,,,,,,,,unknown,squad,provisional,,2026-05-30
Sweden,17,,,,,,,,,unknown,squad,provisional,,2026-05-30
Sweden,18,,,,,,,,,unknown,squad,provisional,,2026-05-30
Sweden,19,,,,,,,,,unknown,squad,provisional,,2026-05-30
Sweden,20,,,,,,,,,unknown,squad,provisional,,2026-05-30
Sweden,21,,,,,,,,,unknown,squad,provisional,,2026-05-30
Sweden,22,,,,,,,,,unknown,squad,provisional,,2026-05-30
Sweden,23,,,,,,,,,unknown,squad,provisional,,2026-05-30
Sweden,24,,,,,,,,,unknown,squad,provisional,,2026-05-30
Sweden,25,,,,,,,,,unknown,squad,provisional,,2026-05-30
Sweden,26,,,,,,,,,unknown,squad,provisional,,2026-05-30
Tunisia,1,,,,,,,,,unknown,squad,provisional,,2026-05-30
Tunisia,2,,,,,,,,,unknown,squad,provisional,,2026-05-30
Tunisia,3,,,,,,,,,unknown,squad,provisional,,2026-05-30
Tunisia,4,,,,,,,,,unknown,squad,provisional,,2026-05-30
Tunisia,5,,,,,,,,,unknown,squad,provisional,,2026-05-30
Tunisia,6,,,,,,,,,unknown,squad,provisional,,2026-05-30
Tunisia,7,,,,,,,,,unknown,squad,provisional,,2026-05-30
Tunisia,8,,,,,,,,,unknown,squad,provisional,,2026-05-30
Tunisia,9,,,,,,,,,unknown,squad,provisional,,2026-05-30
Tunisia,10,,,,,,,,,unknown,squad,provisional,,2026-05-30
Tunisia,11,,,,,,,,,unknown,squad,provisional,,2026-05-30
Tunisia,12,,,,,,,,,unknown,squad,provisional,,2026-05-30
Tunisia,13,,,,,,,,,unknown,squad,provisional,,2026-05-30
Tunisia,14,,,,,,,,,unknown,squad,provisional,,2026-05-30
Tunisia,15,,,,,,,,,unknown,squad,provisional,,2026-05-30
Tunisia,16,,,,,,,,,unknown,squad,provisional,,2026-05-30
Tunisia,17,,,,,,,,,unknown,squad,provisional,,2026-05-30
Tunisia,18,,,,,,,,,unknown,squad,provisional,,2026-05-30
Tunisia,19,,,,,,,,,unknown,squad,provisional,,2026-05-30
Tunisia,20,,,,,,,,,unknown,squad,provisional,,2026-05-30
Tunisia,21,,,,,,,,,unknown,squad,provisional,,2026-05-30
Tunisia,22,,,,,,,,,unknown,squad,provisional,,2026-05-30
Tunisia,23,,,,,,,,,unknown,squad,provisional,,2026-05-30
Tunisia,24,,,,,,,,,unknown,squad,provisional,,2026-05-30
Tunisia,25,,,,,,,,,unknown,squad,provisional,,2026-05-30
Tunisia,26,,,,,,,,,unknown,squad,provisional,,2026-05-30
Belgium,1,,,,,,,,,unknown,squad,provisional,,2026-05-30
Belgium,2,,,,,,,,,unknown,squad,provisional,,2026-05-30
Belgium,3,,,,,,,,,unknown,squad,provisional,,2026-05-30
Belgium,4,,,,,,,,,unknown,squad,provisional,,2026-05-30
Belgium,5,,,,,,,,,unknown,squad,provisional,,2026-05-30
Belgium,6,,,,,,,,,unknown,squad,provisional,,2026-05-30
Belgium,7,,,,,,,,,unknown,squad,provisional,,2026-05-30
Belgium,8,,,,,,,,,unknown,squad,provisional,,2026-05-30
Belgium,9,,,,,,,,,unknown,squad,provisional,,2026-05-30
Belgium,10,,,,,,,,,unknown,squad,provisional,,2026-05-30
Belgium,11,,,,,,,,,unknown,squad,provisional,,2026-05-30
Belgium,12,,,,,,,,,unknown,squad,provisional,,2026-05-30
Belgium,13,,,,,,,,,unknown,squad,provisional,,2026-05-30
Belgium,14,,,,,,,,,unknown,squad,provisional,,2026-05-30
Belgium,15,,,,,,,,,unknown,squad,provisional,,2026-05-30
Belgium,16,,,,,,,,,unknown,squad,provisional,,2026-05-30
Belgium,17,,,,,,,,,unknown,squad,provisional,,2026-05-30
Belgium,18,,,,,,,,,unknown,squad,provisional,,2026-05-30
Belgium,19,,,,,,,,,unknown,squad,provisional,,2026-05-30
Belgium,20,,,,,,,,,unknown,squad,provisional,,2026-05-30
Belgium,21,,,,,,,,,unknown,squad,provisional,,2026-05-30
Belgium,22,,,,,,,,,unknown,squad,provisional,,2026-05-30
Belgium,23,,,,,,,,,unknown,squad,provisional,,2026-05-30
Belgium,24,,,,,,,,,unknown,squad,provisional,,2026-05-30
Belgium,25,,,,,,,,,unknown,squad,provisional,,2026-05-30
Belgium,26,,,,,,,,,unknown,squad,provisional,,2026-05-30
Egypt,1,,,,,,,,,unknown,squad,provisional,,2026-05-30
Egypt,2,,,,,,,,,unknown,squad,provisional,,2026-05-30
Egypt,3,,,,,,,,,unknown,squad,provisional,,2026-05-30
Egypt,4,,,,,,,,,unknown,squad,provisional,,2026-05-30
Egypt,5,,,,,,,,,unknown,squad,provisional,,2026-05-30
Egypt,6,,,,,,,,,unknown,squad,provisional,,2026-05-30
Egypt,7,,,,,,,,,unknown,squad,provisional,,2026-05-30
Egypt,8,,,,,,,,,unknown,squad,provisional,,2026-05-30
Egypt,9,,,,,,,,,unknown,squad,provisional,,2026-05-30
Egypt,10,,,,,,,,,unknown,squad,provisional,,2026-05-30
Egypt,11,,,,,,,,,unknown,squad,provisional,,2026-05-30
Egypt,12,,,,,,,,,unknown,squad,provisional,,2026-05-30
Egypt,13,,,,,,,,,unknown,squad,provisional,,2026-05-30
Egypt,14,,,,,,,,,unknown,squad,provisional,,2026-05-30
Egypt,15,,,,,,,,,unknown,squad,provisional,,2026-05-30
Egypt,16,,,,,,,,,unknown,squad,provisional,,2026-05-30
Egypt,17,,,,,,,,,unknown,squad,provisional,,2026-05-30
Egypt,18,,,,,,,,,unknown,squad,provisional,,2026-05-30
Egypt,19,,,,,,,,,unknown,squad,provisional,,2026-05-30
Egypt,20,,,,,,,,,unknown,squad,provisional,,2026-05-30
Egypt,21,,,,,,,,,unknown,squad,provisional,,2026-05-30
Egypt,22,,,,,,,,,unknown,squad,provisional,,2026-05-30
Egypt,23,,,,,,,,,unknown,squad,provisional,,2026-05-30
Egypt,24,,,,,,,,,unknown,squad,provisional,,2026-05-30
Egypt,25,,,,,,,,,unknown,squad,provisional,,2026-05-30
Egypt,26,,,,,,,,,unknown,squad,provisional,,2026-05-30
IR Iran,1,,,,,,,,,unknown,squad,provisional,,2026-05-30
IR Iran,2,,,,,,,,,unknown,squad,provisional,,2026-05-30
IR Iran,3,,,,,,,,,unknown,squad,provisional,,2026-05-30
IR Iran,4,,,,,,,,,unknown,squad,provisional,,2026-05-30
IR Iran,5,,,,,,,,,unknown,squad,provisional,,2026-05-30
IR Iran,6,,,,,,,,,unknown,squad,provisional,,2026-05-30
IR Iran,7,,,,,,,,,unknown,squad,provisional,,2026-05-30
IR Iran,8,,,,,,,,,unknown,squad,provisional,,2026-05-30
IR Iran,9,,,,,,,,,unknown,squad,provisional,,2026-05-30
IR Iran,10,,,,,,,,,unknown,squad,provisional,,2026-05-30
IR Iran,11,,,,,,,,,unknown,squad,provisional,,2026-05-30
IR Iran,12,,,,,,,,,unknown,squad,provisional,,2026-05-30
IR Iran,13,,,,,,,,,unknown,squad,provisional,,2026-05-30
IR Iran,14,,,,,,,,,unknown,squad,provisional,,2026-05-30
IR Iran,15,,,,,,,,,unknown,squad,provisional,,2026-05-30
IR Iran,16,,,,,,,,,unknown,squad,provisional,,2026-05-30
IR Iran,17,,,,,,,,,unknown,squad,provisional,,2026-05-30
IR Iran,18,,,,,,,,,unknown,squad,provisional,,2026-05-30
IR Iran,19,,,,,,,,,unknown,squad,provisional,,2026-05-30
IR Iran,20,,,,,,,,,unknown,squad,provisional,,2026-05-30
IR Iran,21,,,,,,,,,unknown,squad,provisional,,2026-05-30
IR Iran,22,,,,,,,,,unknown,squad,provisional,,2026-05-30
IR Iran,23,,,,,,,,,unknown,squad,provisional,,2026-05-30
IR Iran,24,,,,,,,,,unknown,squad,provisional,,2026-05-30
IR Iran,25,,,,,,,,,unknown,squad,provisional,,2026-05-30
IR Iran,26,,,,,,,,,unknown,squad,provisional,,2026-05-30
New Zealand,1,,,,,,,,,unknown,squad,provisional,,2026-05-30
New Zealand,2,,,,,,,,,unknown,squad,provisional,,2026-05-30
New Zealand,3,,,,,,,,,unknown,squad,provisional,,2026-05-30
New Zealand,4,,,,,,,,,unknown,squad,provisional,,2026-05-30
New Zealand,5,,,,,,,,,unknown,squad,provisional,,2026-05-30
New Zealand,6,,,,,,,,,unknown,squad,provisional,,2026-05-30
New Zealand,7,,,,,,,,,unknown,squad,provisional,,2026-05-30
New Zealand,8,,,,,,,,,unknown,squad,provisional,,2026-05-30
New Zealand,9,,,,,,,,,unknown,squad,provisional,,2026-05-30
New Zealand,10,,,,,,,,,unknown,squad,provisional,,2026-05-30
New Zealand,11,,,,,,,,,unknown,squad,provisional,,2026-05-30
New Zealand,12,,,,,,,,,unknown,squad,provisional,,2026-05-30
New Zealand,13,,,,,,,,,unknown,squad,provisional,,2026-05-30
New Zealand,14,,,,,,,,,unknown,squad,provisional,,2026-05-30
New Zealand,15,,,,,,,,,unknown,squad,provisional,,2026-05-30
New Zealand,16,,,,,,,,,unknown,squad,provisional,,2026-05-30
New Zealand,17,,,,,,,,,unknown,squad,provisional,,2026-05-30
New Zealand,18,,,,,,,,,unknown,squad,provisional,,2026-05-30
New Zealand,19,,,,,,,,,unknown,squad,provisional,,2026-05-30
New Zealand,20,,,,,,,,,unknown,squad,provisional,,2026-05-30
New Zealand,21,,,,,,,,,unknown,squad,provisional,,2026-05-30
New Zealand,22,,,,,,,,,unknown,squad,provisional,,2026-05-30
New Zealand,23,,,,,,,,,unknown,squad,provisional,,2026-05-30
New Zealand,24,,,,,,,,,unknown,squad,provisional,,2026-05-30
New Zealand,25,,,,,,,,,unknown,squad,provisional,,2026-05-30
New Zealand,26,,,,,,,,,unknown,squad,provisional,,2026-05-30
Spain,1,,,,,,,,,unknown,squad,provisional,,2026-05-30
Spain,2,,,,,,,,,unknown,squad,provisional,,2026-05-30
Spain,3,,,,,,,,,unknown,squad,provisional,,2026-05-30
Spain,4,,,,,,,,,unknown,squad,provisional,,2026-05-30
Spain,5,,,,,,,,,unknown,squad,provisional,,2026-05-30
Spain,6,,,,,,,,,unknown,squad,provisional,,2026-05-30
Spain,7,,,,,,,,,unknown,squad,provisional,,2026-05-30
Spain,8,,,,,,,,,unknown,squad,provisional,,2026-05-30
Spain,9,,,,,,,,,unknown,squad,provisional,,2026-05-30
Spain,10,,,,,,,,,unknown,squad,provisional,,2026-05-30
Spain,11,,,,,,,,,unknown,squad,provisional,,2026-05-30
Spain,12,,,,,,,,,unknown,squad,provisional,,2026-05-30
Spain,13,,,,,,,,,unknown,squad,provisional,,2026-05-30
Spain,14,,,,,,,,,unknown,squad,provisional,,2026-05-30
Spain,15,,,,,,,,,unknown,squad,provisional,,2026-05-30
Spain,16,,,,,,,,,unknown,squad,provisional,,2026-05-30
Spain,17,,,,,,,,,unknown,squad,provisional,,2026-05-30
Spain,18,,,,,,,,,unknown,squad,provisional,,2026-05-30
Spain,19,,,,,,,,,unknown,squad,provisional,,2026-05-30
Spain,20,,,,,,,,,unknown,squad,provisional,,2026-05-30
Spain,21,,,,,,,,,unknown,squad,provisional,,2026-05-30
Spain,22,,,,,,,,,unknown,squad,provisional,,2026-05-30
Spain,23,,,,,,,,,unknown,squad,provisional,,2026-05-30
Spain,24,,,,,,,,,unknown,squad,provisional,,2026-05-30
Spain,25,,,,,,,,,unknown,squad,provisional,,2026-05-30
Spain,26,,,,,,,,,unknown,squad,provisional,,2026-05-30
Cabo Verde,1,,,,,,,,,unknown,squad,provisional,,2026-05-30
Cabo Verde,2,,,,,,,,,unknown,squad,provisional,,2026-05-30
Cabo Verde,3,,,,,,,,,unknown,squad,provisional,,2026-05-30
Cabo Verde,4,,,,,,,,,unknown,squad,provisional,,2026-05-30
Cabo Verde,5,,,,,,,,,unknown,squad,provisional,,2026-05-30
Cabo Verde,6,,,,,,,,,unknown,squad,provisional,,2026-05-30
Cabo Verde,7,,,,,,,,,unknown,squad,provisional,,2026-05-30
Cabo Verde,8,,,,,,,,,unknown,squad,provisional,,2026-05-30
Cabo Verde,9,,,,,,,,,unknown,squad,provisional,,2026-05-30
Cabo Verde,10,,,,,,,,,unknown,squad,provisional,,2026-05-30
Cabo Verde,11,,,,,,,,,unknown,squad,provisional,,2026-05-30
Cabo Verde,12,,,,,,,,,unknown,squad,provisional,,2026-05-30
Cabo Verde,13,,,,,,,,,unknown,squad,provisional,,2026-05-30
Cabo Verde,14,,,,,,,,,unknown,squad,provisional,,2026-05-30
Cabo Verde,15,,,,,,,,,unknown,squad,provisional,,2026-05-30
Cabo Verde,16,,,,,,,,,unknown,squad,provisional,,2026-05-30
Cabo Verde,17,,,,,,,,,unknown,squad,provisional,,2026-05-30
Cabo Verde,18,,,,,,,,,unknown,squad,provisional,,2026-05-30
Cabo Verde,19,,,,,,,,,unknown,squad,provisional,,2026-05-30
Cabo Verde,20,,,,,,,,,unknown,squad,provisional,,2026-05-30
Cabo Verde,21,,,,,,,,,unknown,squad,provisional,,2026-05-30
Cabo Verde,22,,,,,,,,,unknown,squad,provisional,,2026-05-30
Cabo Verde,23,,,,,,,,,unknown,squad,provisional,,2026-05-30
Cabo Verde,24,,,,,,,,,unknown,squad,provisional,,2026-05-30
Cabo Verde,25,,,,,,,,,unknown,squad,provisional,,2026-05-30
Cabo Verde,26,,,,,,,,,unknown,squad,provisional,,2026-05-30
Saudi Arabia,1,,,,,,,,,unknown,squad,provisional,,2026-05-30
Saudi Arabia,2,,,,,,,,,unknown,squad,provisional,,2026-05-30
Saudi Arabia,3,,,,,,,,,unknown,squad,provisional,,2026-05-30
Saudi Arabia,4,,,,,,,,,unknown,squad,provisional,,2026-05-30
Saudi Arabia,5,,,,,,,,,unknown,squad,provisional,,2026-05-30
Saudi Arabia,6,,,,,,,,,unknown,squad,provisional,,2026-05-30
Saudi Arabia,7,,,,,,,,,unknown,squad,provisional,,2026-05-30
Saudi Arabia,8,,,,,,,,,unknown,squad,provisional,,2026-05-30
Saudi Arabia,9,,,,,,,,,unknown,squad,provisional,,2026-05-30
Saudi Arabia,10,,,,,,,,,unknown,squad,provisional,,2026-05-30
Saudi Arabia,11,,,,,,,,,unknown,squad,provisional,,2026-05-30
Saudi Arabia,12,,,,,,,,,unknown,squad,provisional,,2026-05-30
Saudi Arabia,13,,,,,,,,,unknown,squad,provisional,,2026-05-30
Saudi Arabia,14,,,,,,,,,unknown,squad,provisional,,2026-05-30
Saudi Arabia,15,,,,,,,,,unknown,squad,provisional,,2026-05-30
Saudi Arabia,16,,,,,,,,,unknown,squad,provisional,,2026-05-30
Saudi Arabia,17,,,,,,,,,unknown,squad,provisional,,2026-05-30
Saudi Arabia,18,,,,,,,,,unknown,squad,provisional,,2026-05-30
Saudi Arabia,19,,,,,,,,,unknown,squad,provisional,,2026-05-30
Saudi Arabia,20,,,,,,,,,unknown,squad,provisional,,2026-05-30
Saudi Arabia,21,,,,,,,,,unknown,squad,provisional,,2026-05-30
Saudi Arabia,22,,,,,,,,,unknown,squad,provisional,,2026-05-30
Saudi Arabia,23,,,,,,,,,unknown,squad,provisional,,2026-05-30
Saudi Arabia,24,,,,,,,,,unknown,squad,provisional,,2026-05-30
Saudi Arabia,25,,,,,,,,,unknown,squad,provisional,,2026-05-30
Saudi Arabia,26,,,,,,,,,unknown,squad,provisional,,2026-05-30
Uruguay,1,,,,,,,,,unknown,squad,provisional,,2026-05-30
Uruguay,2,,,,,,,,,unknown,squad,provisional,,2026-05-30
Uruguay,3,,,,,,,,,unknown,squad,provisional,,2026-05-30
Uruguay,4,,,,,,,,,unknown,squad,provisional,,2026-05-30
Uruguay,5,,,,,,,,,unknown,squad,provisional,,2026-05-30
Uruguay,6,,,,,,,,,unknown,squad,provisional,,2026-05-30
Uruguay,7,,,,,,,,,unknown,squad,provisional,,2026-05-30
Uruguay,8,,,,,,,,,unknown,squad,provisional,,2026-05-30
Uruguay,9,,,,,,,,,unknown,squad,provisional,,2026-05-30
Uruguay,10,,,,,,,,,unknown,squad,provisional,,2026-05-30
Uruguay,11,,,,,,,,,unknown,squad,provisional,,2026-05-30
Uruguay,12,,,,,,,,,unknown,squad,provisional,,2026-05-30
Uruguay,13,,,,,,,,,unknown,squad,provisional,,2026-05-30
Uruguay,14,,,,,,,,,unknown,squad,provisional,,2026-05-30
Uruguay,15,,,,,,,,,unknown,squad,provisional,,2026-05-30
Uruguay,16,,,,,,,,,unknown,squad,provisional,,2026-05-30
Uruguay,17,,,,,,,,,unknown,squad,provisional,,2026-05-30
Uruguay,18,,,,,,,,,unknown,squad,provisional,,2026-05-30
Uruguay,19,,,,,,,,,unknown,squad,provisional,,2026-05-30
Uruguay,20,,,,,,,,,unknown,squad,provisional,,2026-05-30
Uruguay,21,,,,,,,,,unknown,squad,provisional,,2026-05-30
Uruguay,22,,,,,,,,,unknown,squad,provisional,,2026-05-30
Uruguay,23,,,,,,,,,unknown,squad,provisional,,2026-05-30
Uruguay,24,,,,,,,,,unknown,squad,provisional,,2026-05-30
Uruguay,25,,,,,,,,,unknown,squad,provisional,,2026-05-30
Uruguay,26,,,,,,,,,unknown,squad,provisional,,2026-05-30
France,1,,,,,,,,,unknown,squad,provisional,,2026-05-30
France,2,,,,,,,,,unknown,squad,provisional,,2026-05-30
France,3,,,,,,,,,unknown,squad,provisional,,2026-05-30
France,4,,,,,,,,,unknown,squad,provisional,,2026-05-30
France,5,,,,,,,,,unknown,squad,provisional,,2026-05-30
France,6,,,,,,,,,unknown,squad,provisional,,2026-05-30
France,7,,,,,,,,,unknown,squad,provisional,,2026-05-30
France,8,,,,,,,,,unknown,squad,provisional,,2026-05-30
France,9,,,,,,,,,unknown,squad,provisional,,2026-05-30
France,10,,,,,,,,,unknown,squad,provisional,,2026-05-30
France,11,,,,,,,,,unknown,squad,provisional,,2026-05-30
France,12,,,,,,,,,unknown,squad,provisional,,2026-05-30
France,13,,,,,,,,,unknown,squad,provisional,,2026-05-30
France,14,,,,,,,,,unknown,squad,provisional,,2026-05-30
France,15,,,,,,,,,unknown,squad,provisional,,2026-05-30
France,16,,,,,,,,,unknown,squad,provisional,,2026-05-30
France,17,,,,,,,,,unknown,squad,provisional,,2026-05-30
France,18,,,,,,,,,unknown,squad,provisional,,2026-05-30
France,19,,,,,,,,,unknown,squad,provisional,,2026-05-30
France,20,,,,,,,,,unknown,squad,provisional,,2026-05-30
France,21,,,,,,,,,unknown,squad,provisional,,2026-05-30
France,22,,,,,,,,,unknown,squad,provisional,,2026-05-30
France,23,,,,,,,,,unknown,squad,provisional,,2026-05-30
France,24,,,,,,,,,unknown,squad,provisional,,2026-05-30
France,25,,,,,,,,,unknown,squad,provisional,,2026-05-30
France,26,,,,,,,,,unknown,squad,provisional,,2026-05-30
Senegal,1,,,,,,,,,unknown,squad,provisional,,2026-05-30
Senegal,2,,,,,,,,,unknown,squad,provisional,,2026-05-30
Senegal,3,,,,,,,,,unknown,squad,provisional,,2026-05-30
Senegal,4,,,,,,,,,unknown,squad,provisional,,2026-05-30
Senegal,5,,,,,,,,,unknown,squad,provisional,,2026-05-30
Senegal,6,,,,,,,,,unknown,squad,provisional,,2026-05-30
Senegal,7,,,,,,,,,unknown,squad,provisional,,2026-05-30
Senegal,8,,,,,,,,,unknown,squad,provisional,,2026-05-30
Senegal,9,,,,,,,,,unknown,squad,provisional,,2026-05-30
Senegal,10,,,,,,,,,unknown,squad,provisional,,2026-05-30
Senegal,11,,,,,,,,,unknown,squad,provisional,,2026-05-30
Senegal,12,,,,,,,,,unknown,squad,provisional,,2026-05-30
Senegal,13,,,,,,,,,unknown,squad,provisional,,2026-05-30
Senegal,14,,,,,,,,,unknown,squad,provisional,,2026-05-30
Senegal,15,,,,,,,,,unknown,squad,provisional,,2026-05-30
Senegal,16,,,,,,,,,unknown,squad,provisional,,2026-05-30
Senegal,17,,,,,,,,,unknown,squad,provisional,,2026-05-30
Senegal,18,,,,,,,,,unknown,squad,provisional,,2026-05-30
Senegal,19,,,,,,,,,unknown,squad,provisional,,2026-05-30
Senegal,20,,,,,,,,,unknown,squad,provisional,,2026-05-30
Senegal,21,,,,,,,,,unknown,squad,provisional,,2026-05-30
Senegal,22,,,,,,,,,unknown,squad,provisional,,2026-05-30
Senegal,23,,,,,,,,,unknown,squad,provisional,,2026-05-30
Senegal,24,,,,,,,,,unknown,squad,provisional,,2026-05-30
Senegal,25,,,,,,,,,unknown,squad,provisional,,2026-05-30
Senegal,26,,,,,,,,,unknown,squad,provisional,,2026-05-30
Iraq,1,,,,,,,,,unknown,squad,provisional,,2026-05-30
Iraq,2,,,,,,,,,unknown,squad,provisional,,2026-05-30
Iraq,3,,,,,,,,,unknown,squad,provisional,,2026-05-30
Iraq,4,,,,,,,,,unknown,squad,provisional,,2026-05-30
Iraq,5,,,,,,,,,unknown,squad,provisional,,2026-05-30
Iraq,6,,,,,,,,,unknown,squad,provisional,,2026-05-30
Iraq,7,,,,,,,,,unknown,squad,provisional,,2026-05-30
Iraq,8,,,,,,,,,unknown,squad,provisional,,2026-05-30
Iraq,9,,,,,,,,,unknown,squad,provisional,,2026-05-30
Iraq,10,,,,,,,,,unknown,squad,provisional,,2026-05-30
Iraq,11,,,,,,,,,unknown,squad,provisional,,2026-05-30
Iraq,12,,,,,,,,,unknown,squad,provisional,,2026-05-30
Iraq,13,,,,,,,,,unknown,squad,provisional,,2026-05-30
Iraq,14,,,,,,,,,unknown,squad,provisional,,2026-05-30
Iraq,15,,,,,,,,,unknown,squad,provisional,,2026-05-30
Iraq,16,,,,,,,,,unknown,squad,provisional,,2026-05-30
Iraq,17,,,,,,,,,unknown,squad,provisional,,2026-05-30
Iraq,18,,,,,,,,,unknown,squad,provisional,,2026-05-30
Iraq,19,,,,,,,,,unknown,squad,provisional,,2026-05-30
Iraq,20,,,,,,,,,unknown,squad,provisional,,2026-05-30
Iraq,21,,,,,,,,,unknown,squad,provisional,,2026-05-30
Iraq,22,,,,,,,,,unknown,squad,provisional,,2026-05-30
Iraq,23,,,,,,,,,unknown,squad,provisional,,2026-05-30
Iraq,24,,,,,,,,,unknown,squad,provisional,,2026-05-30
Iraq,25,,,,,,,,,unknown,squad,provisional,,2026-05-30
Iraq,26,,,,,,,,,unknown,squad,provisional,,2026-05-30
Norway,1,,,,,,,,,unknown,squad,provisional,,2026-05-30
Norway,2,,,,,,,,,unknown,squad,provisional,,2026-05-30
Norway,3,,,,,,,,,unknown,squad,provisional,,2026-05-30
Norway,4,,,,,,,,,unknown,squad,provisional,,2026-05-30
Norway,5,,,,,,,,,unknown,squad,provisional,,2026-05-30
Norway,6,,,,,,,,,unknown,squad,provisional,,2026-05-30
Norway,7,,,,,,,,,unknown,squad,provisional,,2026-05-30
Norway,8,,,,,,,,,unknown,squad,provisional,,2026-05-30
Norway,9,,,,,,,,,unknown,squad,provisional,,2026-05-30
Norway,10,,,,,,,,,unknown,squad,provisional,,2026-05-30
Norway,11,,,,,,,,,unknown,squad,provisional,,2026-05-30
Norway,12,,,,,,,,,unknown,squad,provisional,,2026-05-30
Norway,13,,,,,,,,,unknown,squad,provisional,,2026-05-30
Norway,14,,,,,,,,,unknown,squad,provisional,,2026-05-30
Norway,15,,,,,,,,,unknown,squad,provisional,,2026-05-30
Norway,16,,,,,,,,,unknown,squad,provisional,,2026-05-30
Norway,17,,,,,,,,,unknown,squad,provisional,,2026-05-30
Norway,18,,,,,,,,,unknown,squad,provisional,,2026-05-30
Norway,19,,,,,,,,,unknown,squad,provisional,,2026-05-30
Norway,20,,,,,,,,,unknown,squad,provisional,,2026-05-30
Norway,21,,,,,,,,,unknown,squad,provisional,,2026-05-30
Norway,22,,,,,,,,,unknown,squad,provisional,,2026-05-30
Norway,23,,,,,,,,,unknown,squad,provisional,,2026-05-30
Norway,24,,,,,,,,,unknown,squad,provisional,,2026-05-30
Norway,25,,,,,,,,,unknown,squad,provisional,,2026-05-30
Norway,26,,,,,,,,,unknown,squad,provisional,,2026-05-30
Argentina,1,,,,,,,,,unknown,squad,provisional,,2026-05-30
Argentina,2,,,,,,,,,unknown,squad,provisional,,2026-05-30
Argentina,3,,,,,,,,,unknown,squad,provisional,,2026-05-30
Argentina,4,,,,,,,,,unknown,squad,provisional,,2026-05-30
Argentina,5,,,,,,,,,unknown,squad,provisional,,2026-05-30
Argentina,6,,,,,,,,,unknown,squad,provisional,,2026-05-30
Argentina,7,,,,,,,,,unknown,squad,provisional,,2026-05-30
Argentina,8,,,,,,,,,unknown,squad,provisional,,2026-05-30
Argentina,9,,,,,,,,,unknown,squad,provisional,,2026-05-30
Argentina,10,,,,,,,,,unknown,squad,provisional,,2026-05-30
Argentina,11,,,,,,,,,unknown,squad,provisional,,2026-05-30
Argentina,12,,,,,,,,,unknown,squad,provisional,,2026-05-30
Argentina,13,,,,,,,,,unknown,squad,provisional,,2026-05-30
Argentina,14,,,,,,,,,unknown,squad,provisional,,2026-05-30
Argentina,15,,,,,,,,,unknown,squad,provisional,,2026-05-30
Argentina,16,,,,,,,,,unknown,squad,provisional,,2026-05-30
Argentina,17,,,,,,,,,unknown,squad,provisional,,2026-05-30
Argentina,18,,,,,,,,,unknown,squad,provisional,,2026-05-30
Argentina,19,,,,,,,,,unknown,squad,provisional,,2026-05-30
Argentina,20,,,,,,,,,unknown,squad,provisional,,2026-05-30
Argentina,21,,,,,,,,,unknown,squad,provisional,,2026-05-30
Argentina,22,,,,,,,,,unknown,squad,provisional,,2026-05-30
Argentina,23,,,,,,,,,unknown,squad,provisional,,2026-05-30
Argentina,24,,,,,,,,,unknown,squad,provisional,,2026-05-30
Argentina,25,,,,,,,,,unknown,squad,provisional,,2026-05-30
Argentina,26,,,,,,,,,unknown,squad,provisional,,2026-05-30
Algeria,1,,,,,,,,,unknown,squad,provisional,,2026-05-30
Algeria,2,,,,,,,,,unknown,squad,provisional,,2026-05-30
Algeria,3,,,,,,,,,unknown,squad,provisional,,2026-05-30
Algeria,4,,,,,,,,,unknown,squad,provisional,,2026-05-30
Algeria,5,,,,,,,,,unknown,squad,provisional,,2026-05-30
Algeria,6,,,,,,,,,unknown,squad,provisional,,2026-05-30
Algeria,7,,,,,,,,,unknown,squad,provisional,,2026-05-30
Algeria,8,,,,,,,,,unknown,squad,provisional,,2026-05-30
Algeria,9,,,,,,,,,unknown,squad,provisional,,2026-05-30
Algeria,10,,,,,,,,,unknown,squad,provisional,,2026-05-30
Algeria,11,,,,,,,,,unknown,squad,provisional,,2026-05-30
Algeria,12,,,,,,,,,unknown,squad,provisional,,2026-05-30
Algeria,13,,,,,,,,,unknown,squad,provisional,,2026-05-30
Algeria,14,,,,,,,,,unknown,squad,provisional,,2026-05-30
Algeria,15,,,,,,,,,unknown,squad,provisional,,2026-05-30
Algeria,16,,,,,,,,,unknown,squad,provisional,,2026-05-30
Algeria,17,,,,,,,,,unknown,squad,provisional,,2026-05-30
Algeria,18,,,,,,,,,unknown,squad,provisional,,2026-05-30
Algeria,19,,,,,,,,,unknown,squad,provisional,,2026-05-30
Algeria,20,,,,,,,,,unknown,squad,provisional,,2026-05-30
Algeria,21,,,,,,,,,unknown,squad,provisional,,2026-05-30
Algeria,22,,,,,,,,,unknown,squad,provisional,,2026-05-30
Algeria,23,,,,,,,,,unknown,squad,provisional,,2026-05-30
Algeria,24,,,,,,,,,unknown,squad,provisional,,2026-05-30
Algeria,25,,,,,,,,,unknown,squad,provisional,,2026-05-30
Algeria,26,,,,,,,,,unknown,squad,provisional,,2026-05-30
Austria,1,,,,,,,,,unknown,squad,provisional,,2026-05-30
Austria,2,,,,,,,,,unknown,squad,provisional,,2026-05-30
Austria,3,,,,,,,,,unknown,squad,provisional,,2026-05-30
Austria,4,,,,,,,,,unknown,squad,provisional,,2026-05-30
Austria,5,,,,,,,,,unknown,squad,provisional,,2026-05-30
Austria,6,,,,,,,,,unknown,squad,provisional,,2026-05-30
Austria,7,,,,,,,,,unknown,squad,provisional,,2026-05-30
Austria,8,,,,,,,,,unknown,squad,provisional,,2026-05-30
Austria,9,,,,,,,,,unknown,squad,provisional,,2026-05-30
Austria,10,,,,,,,,,unknown,squad,provisional,,2026-05-30
Austria,11,,,,,,,,,unknown,squad,provisional,,2026-05-30
Austria,12,,,,,,,,,unknown,squad,provisional,,2026-05-30
Austria,13,,,,,,,,,unknown,squad,provisional,,2026-05-30
Austria,14,,,,,,,,,unknown,squad,provisional,,2026-05-30
Austria,15,,,,,,,,,unknown,squad,provisional,,2026-05-30
Austria,16,,,,,,,,,unknown,squad,provisional,,2026-05-30
Austria,17,,,,,,,,,unknown,squad,provisional,,2026-05-30
Austria,18,,,,,,,,,unknown,squad,provisional,,2026-05-30
Austria,19,,,,,,,,,unknown,squad,provisional,,2026-05-30
Austria,20,,,,,,,,,unknown,squad,provisional,,2026-05-30
Austria,21,,,,,,,,,unknown,squad,provisional,,2026-05-30
Austria,22,,,,,,,,,unknown,squad,provisional,,2026-05-30
Austria,23,,,,,,,,,unknown,squad,provisional,,2026-05-30
Austria,24,,,,,,,,,unknown,squad,provisional,,2026-05-30
Austria,25,,,,,,,,,unknown,squad,provisional,,2026-05-30
Austria,26,,,,,,,,,unknown,squad,provisional,,2026-05-30
Jordan,1,,,,,,,,,unknown,squad,provisional,,2026-05-30
Jordan,2,,,,,,,,,unknown,squad,provisional,,2026-05-30
Jordan,3,,,,,,,,,unknown,squad,provisional,,2026-05-30
Jordan,4,,,,,,,,,unknown,squad,provisional,,2026-05-30
Jordan,5,,,,,,,,,unknown,squad,provisional,,2026-05-30
Jordan,6,,,,,,,,,unknown,squad,provisional,,2026-05-30
Jordan,7,,,,,,,,,unknown,squad,provisional,,2026-05-30
Jordan,8,,,,,,,,,unknown,squad,provisional,,2026-05-30
Jordan,9,,,,,,,,,unknown,squad,provisional,,2026-05-30
Jordan,10,,,,,,,,,unknown,squad,provisional,,2026-05-30
Jordan,11,,,,,,,,,unknown,squad,provisional,,2026-05-30
Jordan,12,,,,,,,,,unknown,squad,provisional,,2026-05-30
Jordan,13,,,,,,,,,unknown,squad,provisional,,2026-05-30
Jordan,14,,,,,,,,,unknown,squad,provisional,,2026-05-30
Jordan,15,,,,,,,,,unknown,squad,provisional,,2026-05-30
Jordan,16,,,,,,,,,unknown,squad,provisional,,2026-05-30
Jordan,17,,,,,,,,,unknown,squad,provisional,,2026-05-30
Jordan,18,,,,,,,,,unknown,squad,provisional,,2026-05-30
Jordan,19,,,,,,,,,unknown,squad,provisional,,2026-05-30
Jordan,20,,,,,,,,,unknown,squad,provisional,,2026-05-30
Jordan,21,,,,,,,,,unknown,squad,provisional,,2026-05-30
Jordan,22,,,,,,,,,unknown,squad,provisional,,2026-05-30
Jordan,23,,,,,,,,,unknown,squad,provisional,,2026-05-30
Jordan,24,,,,,,,,,unknown,squad,provisional,,2026-05-30
Jordan,25,,,,,,,,,unknown,squad,provisional,,2026-05-30
Jordan,26,,,,,,,,,unknown,squad,provisional,,2026-05-30
Portugal,1,,,,,,,,,unknown,squad,provisional,,2026-05-30
Portugal,2,,,,,,,,,unknown,squad,provisional,,2026-05-30
Portugal,3,,,,,,,,,unknown,squad,provisional,,2026-05-30
Portugal,4,,,,,,,,,unknown,squad,provisional,,2026-05-30
Portugal,5,,,,,,,,,unknown,squad,provisional,,2026-05-30
Portugal,6,,,,,,,,,unknown,squad,provisional,,2026-05-30
Portugal,7,,,,,,,,,unknown,squad,provisional,,2026-05-30
Portugal,8,,,,,,,,,unknown,squad,provisional,,2026-05-30
Portugal,9,,,,,,,,,unknown,squad,provisional,,2026-05-30
Portugal,10,,,,,,,,,unknown,squad,provisional,,2026-05-30
Portugal,11,,,,,,,,,unknown,squad,provisional,,2026-05-30
Portugal,12,,,,,,,,,unknown,squad,provisional,,2026-05-30
Portugal,13,,,,,,,,,unknown,squad,provisional,,2026-05-30
Portugal,14,,,,,,,,,unknown,squad,provisional,,2026-05-30
Portugal,15,,,,,,,,,unknown,squad,provisional,,2026-05-30
Portugal,16,,,,,,,,,unknown,squad,provisional,,2026-05-30
Portugal,17,,,,,,,,,unknown,squad,provisional,,2026-05-30
Portugal,18,,,,,,,,,unknown,squad,provisional,,2026-05-30
Portugal,19,,,,,,,,,unknown,squad,provisional,,2026-05-30
Portugal,20,,,,,,,,,unknown,squad,provisional,,2026-05-30
Portugal,21,,,,,,,,,unknown,squad,provisional,,2026-05-30
Portugal,22,,,,,,,,,unknown,squad,provisional,,2026-05-30
Portugal,23,,,,,,,,,unknown,squad,provisional,,2026-05-30
Portugal,24,,,,,,,,,unknown,squad,provisional,,2026-05-30
Portugal,25,,,,,,,,,unknown,squad,provisional,,2026-05-30
Portugal,26,,,,,,,,,unknown,squad,provisional,,2026-05-30
Congo DR,1,,,,,,,,,unknown,squad,provisional,,2026-05-30
Congo DR,2,,,,,,,,,unknown,squad,provisional,,2026-05-30
Congo DR,3,,,,,,,,,unknown,squad,provisional,,2026-05-30
Congo DR,4,,,,,,,,,unknown,squad,provisional,,2026-05-30
Congo DR,5,,,,,,,,,unknown,squad,provisional,,2026-05-30
Congo DR,6,,,,,,,,,unknown,squad,provisional,,2026-05-30
Congo DR,7,,,,,,,,,unknown,squad,provisional,,2026-05-30
Congo DR,8,,,,,,,,,unknown,squad,provisional,,2026-05-30
Congo DR,9,,,,,,,,,unknown,squad,provisional,,2026-05-30
Congo DR,10,,,,,,,,,unknown,squad,provisional,,2026-05-30
Congo DR,11,,,,,,,,,unknown,squad,provisional,,2026-05-30
Congo DR,12,,,,,,,,,unknown,squad,provisional,,2026-05-30
Congo DR,13,,,,,,,,,unknown,squad,provisional,,2026-05-30
Congo DR,14,,,,,,,,,unknown,squad,provisional,,2026-05-30
Congo DR,15,,,,,,,,,unknown,squad,provisional,,2026-05-30
Congo DR,16,,,,,,,,,unknown,squad,provisional,,2026-05-30
Congo DR,17,,,,,,,,,unknown,squad,provisional,,2026-05-30
Congo DR,18,,,,,,,,,unknown,squad,provisional,,2026-05-30
Congo DR,19,,,,,,,,,unknown,squad,provisional,,2026-05-30
Congo DR,20,,,,,,,,,unknown,squad,provisional,,2026-05-30
Congo DR,21,,,,,,,,,unknown,squad,provisional,,2026-05-30
Congo DR,22,,,,,,,,,unknown,squad,provisional,,2026-05-30
Congo DR,23,,,,,,,,,unknown,squad,provisional,,2026-05-30
Congo DR,24,,,,,,,,,unknown,squad,provisional,,2026-05-30
Congo DR,25,,,,,,,,,unknown,squad,provisional,,2026-05-30
Congo DR,26,,,,,,,,,unknown,squad,provisional,,2026-05-30
Uzbekistan,1,,,,,,,,,unknown,squad,provisional,,2026-05-30
Uzbekistan,2,,,,,,,,,unknown,squad,provisional,,2026-05-30
Uzbekistan,3,,,,,,,,,unknown,squad,provisional,,2026-05-30
Uzbekistan,4,,,,,,,,,unknown,squad,provisional,,2026-05-30
Uzbekistan,5,,,,,,,,,unknown,squad,provisional,,2026-05-30
Uzbekistan,6,,,,,,,,,unknown,squad,provisional,,2026-05-30
Uzbekistan,7,,,,,,,,,unknown,squad,provisional,,2026-05-30
Uzbekistan,8,,,,,,,,,unknown,squad,provisional,,2026-05-30
Uzbekistan,9,,,,,,,,,unknown,squad,provisional,,2026-05-30
Uzbekistan,10,,,,,,,,,unknown,squad,provisional,,2026-05-30
Uzbekistan,11,,,,,,,,,unknown,squad,provisional,,2026-05-30
Uzbekistan,12,,,,,,,,,unknown,squad,provisional,,2026-05-30
Uzbekistan,13,,,,,,,,,unknown,squad,provisional,,2026-05-30
Uzbekistan,14,,,,,,,,,unknown,squad,provisional,,2026-05-30
Uzbekistan,15,,,,,,,,,unknown,squad,provisional,,2026-05-30
Uzbekistan,16,,,,,,,,,unknown,squad,provisional,,2026-05-30
Uzbekistan,17,,,,,,,,,unknown,squad,provisional,,2026-05-30
Uzbekistan,18,,,,,,,,,unknown,squad,provisional,,2026-05-30
Uzbekistan,19,,,,,,,,,unknown,squad,provisional,,2026-05-30
Uzbekistan,20,,,,,,,,,unknown,squad,provisional,,2026-05-30
Uzbekistan,21,,,,,,,,,unknown,squad,provisional,,2026-05-30
Uzbekistan,22,,,,,,,,,unknown,squad,provisional,,2026-05-30
Uzbekistan,23,,,,,,,,,unknown,squad,provisional,,2026-05-30
Uzbekistan,24,,,,,,,,,unknown,squad,provisional,,2026-05-30
Uzbekistan,25,,,,,,,,,unknown,squad,provisional,,2026-05-30
Uzbekistan,26,,,,,,,,,unknown,squad,provisional,,2026-05-30
Colombia,1,,,,,,,,,unknown,squad,provisional,,2026-05-30
Colombia,2,,,,,,,,,unknown,squad,provisional,,2026-05-30
Colombia,3,,,,,,,,,unknown,squad,provisional,,2026-05-30
Colombia,4,,,,,,,,,unknown,squad,provisional,,2026-05-30
Colombia,5,,,,,,,,,unknown,squad,provisional,,2026-05-30
Colombia,6,,,,,,,,,unknown,squad,provisional,,2026-05-30
Colombia,7,,,,,,,,,unknown,squad,provisional,,2026-05-30
Colombia,8,,,,,,,,,unknown,squad,provisional,,2026-05-30
Colombia,9,,,,,,,,,unknown,squad,provisional,,2026-05-30
Colombia,10,,,,,,,,,unknown,squad,provisional,,2026-05-30
Colombia,11,,,,,,,,,unknown,squad,provisional,,2026-05-30
Colombia,12,,,,,,,,,unknown,squad,provisional,,2026-05-30
Colombia,13,,,,,,,,,unknown,squad,provisional,,2026-05-30
Colombia,14,,,,,,,,,unknown,squad,provisional,,2026-05-30
Colombia,15,,,,,,,,,unknown,squad,provisional,,2026-05-30
Colombia,16,,,,,,,,,unknown,squad,provisional,,2026-05-30
Colombia,17,,,,,,,,,unknown,squad,provisional,,2026-05-30
Colombia,18,,,,,,,,,unknown,squad,provisional,,2026-05-30
Colombia,19,,,,,,,,,unknown,squad,provisional,,2026-05-30
Colombia,20,,,,,,,,,unknown,squad,provisional,,2026-05-30
Colombia,21,,,,,,,,,unknown,squad,provisional,,2026-05-30
Colombia,22,,,,,,,,,unknown,squad,provisional,,2026-05-30
Colombia,23,,,,,,,,,unknown,squad,provisional,,2026-05-30
Colombia,24,,,,,,,,,unknown,squad,provisional,,2026-05-30
Colombia,25,,,,,,,,,unknown,squad,provisional,,2026-05-30
Colombia,26,,,,,,,,,unknown,squad,provisional,,2026-05-30
England,1,,,,,,,,,unknown,squad,provisional,,2026-05-30
England,2,,,,,,,,,unknown,squad,provisional,,2026-05-30
England,3,,,,,,,,,unknown,squad,provisional,,2026-05-30
England,4,,,,,,,,,unknown,squad,provisional,,2026-05-30
England,5,,,,,,,,,unknown,squad,provisional,,2026-05-30
England,6,,,,,,,,,unknown,squad,provisional,,2026-05-30
England,7,,,,,,,,,unknown,squad,provisional,,2026-05-30
England,8,,,,,,,,,unknown,squad,provisional,,2026-05-30
England,9,,,,,,,,,unknown,squad,provisional,,2026-05-30
England,10,,,,,,,,,unknown,squad,provisional,,2026-05-30
England,11,,,,,,,,,unknown,squad,provisional,,2026-05-30
England,12,,,,,,,,,unknown,squad,provisional,,2026-05-30
England,13,,,,,,,,,unknown,squad,provisional,,2026-05-30
England,14,,,,,,,,,unknown,squad,provisional,,2026-05-30
England,15,,,,,,,,,unknown,squad,provisional,,2026-05-30
England,16,,,,,,,,,unknown,squad,provisional,,2026-05-30
England,17,,,,,,,,,unknown,squad,provisional,,2026-05-30
England,18,,,,,,,,,unknown,squad,provisional,,2026-05-30
England,19,,,,,,,,,unknown,squad,provisional,,2026-05-30
England,20,,,,,,,,,unknown,squad,provisional,,2026-05-30
England,21,,,,,,,,,unknown,squad,provisional,,2026-05-30
England,22,,,,,,,,,unknown,squad,provisional,,2026-05-30
England,23,,,,,,,,,unknown,squad,provisional,,2026-05-30
England,24,,,,,,,,,unknown,squad,provisional,,2026-05-30
England,25,,,,,,,,,unknown,squad,provisional,,2026-05-30
England,26,,,,,,,,,unknown,squad,provisional,,2026-05-30
Croatia,1,,,,,,,,,unknown,squad,provisional,,2026-05-30
Croatia,2,,,,,,,,,unknown,squad,provisional,,2026-05-30
Croatia,3,,,,,,,,,unknown,squad,provisional,,2026-05-30
Croatia,4,,,,,,,,,unknown,squad,provisional,,2026-05-30
Croatia,5,,,,,,,,,unknown,squad,provisional,,2026-05-30
Croatia,6,,,,,,,,,unknown,squad,provisional,,2026-05-30
Croatia,7,,,,,,,,,unknown,squad,provisional,,2026-05-30
Croatia,8,,,,,,,,,unknown,squad,provisional,,2026-05-30
Croatia,9,,,,,,,,,unknown,squad,provisional,,2026-05-30
Croatia,10,,,,,,,,,unknown,squad,provisional,,2026-05-30
Croatia,11,,,,,,,,,unknown,squad,provisional,,2026-05-30
Croatia,12,,,,,,,,,unknown,squad,provisional,,2026-05-30
Croatia,13,,,,,,,,,unknown,squad,provisional,,2026-05-30
Croatia,14,,,,,,,,,unknown,squad,provisional,,2026-05-30
Croatia,15,,,,,,,,,unknown,squad,provisional,,2026-05-30
Croatia,16,,,,,,,,,unknown,squad,provisional,,2026-05-30
Croatia,17,,,,,,,,,unknown,squad,provisional,,2026-05-30
Croatia,18,,,,,,,,,unknown,squad,provisional,,2026-05-30
Croatia,19,,,,,,,,,unknown,squad,provisional,,2026-05-30
Croatia,20,,,,,,,,,unknown,squad,provisional,,2026-05-30
Croatia,21,,,,,,,,,unknown,squad,provisional,,2026-05-30
Croatia,22,,,,,,,,,unknown,squad,provisional,,2026-05-30
Croatia,23,,,,,,,,,unknown,squad,provisional,,2026-05-30
Croatia,24,,,,,,,,,unknown,squad,provisional,,2026-05-30
Croatia,25,,,,,,,,,unknown,squad,provisional,,2026-05-30
Croatia,26,,,,,,,,,unknown,squad,provisional,,2026-05-30
Ghana,1,,,,,,,,,unknown,squad,provisional,,2026-05-30
Ghana,2,,,,,,,,,unknown,squad,provisional,,2026-05-30
Ghana,3,,,,,,,,,unknown,squad,provisional,,2026-05-30
Ghana,4,,,,,,,,,unknown,squad,provisional,,2026-05-30
Ghana,5,,,,,,,,,unknown,squad,provisional,,2026-05-30
Ghana,6,,,,,,,,,unknown,squad,provisional,,2026-05-30
Ghana,7,,,,,,,,,unknown,squad,provisional,,2026-05-30
Ghana,8,,,,,,,,,unknown,squad,provisional,,2026-05-30
Ghana,9,,,,,,,,,unknown,squad,provisional,,2026-05-30
Ghana,10,,,,,,,,,unknown,squad,provisional,,2026-05-30
Ghana,11,,,,,,,,,unknown,squad,provisional,,2026-05-30
Ghana,12,,,,,,,,,unknown,squad,provisional,,2026-05-30
Ghana,13,,,,,,,,,unknown,squad,provisional,,2026-05-30
Ghana,14,,,,,,,,,unknown,squad,provisional,,2026-05-30
Ghana,15,,,,,,,,,unknown,squad,provisional,,2026-05-30
Ghana,16,,,,,,,,,unknown,squad,provisional,,2026-05-30
Ghana,17,,,,,,,,,unknown,squad,provisional,,2026-05-30
Ghana,18,,,,,,,,,unknown,squad,provisional,,2026-05-30
Ghana,19,,,,,,,,,unknown,squad,provisional,,2026-05-30
Ghana,20,,,,,,,,,unknown,squad,provisional,,2026-05-30
Ghana,21,,,,,,,,,unknown,squad,provisional,,2026-05-30
Ghana,22,,,,,,,,,unknown,squad,provisional,,2026-05-30
Ghana,23,,,,,,,,,unknown,squad,provisional,,2026-05-30
Ghana,24,,,,,,,,,unknown,squad,provisional,,2026-05-30
Ghana,25,,,,,,,,,unknown,squad,provisional,,2026-05-30
Ghana,26,,,,,,,,,unknown,squad,provisional,,2026-05-30
Panama,1,,,,,,,,,unknown,squad,provisional,,2026-05-30
Panama,2,,,,,,,,,unknown,squad,provisional,,2026-05-30
Panama,3,,,,,,,,,unknown,squad,provisional,,2026-05-30
Panama,4,,,,,,,,,unknown,squad,provisional,,2026-05-30
Panama,5,,,,,,,,,unknown,squad,provisional,,2026-05-30
Panama,6,,,,,,,,,unknown,squad,provisional,,2026-05-30
Panama,7,,,,,,,,,unknown,squad,provisional,,2026-05-30
Panama,8,,,,,,,,,unknown,squad,provisional,,2026-05-30
Panama,9,,,,,,,,,unknown,squad,provisional,,2026-05-30
Panama,10,,,,,,,,,unknown,squad,provisional,,2026-05-30
Panama,11,,,,,,,,,unknown,squad,provisional,,2026-05-30
Panama,12,,,,,,,,,unknown,squad,provisional,,2026-05-30
Panama,13,,,,,,,,,unknown,squad,provisional,,2026-05-30
Panama,14,,,,,,,,,unknown,squad,provisional,,2026-05-30
Panama,15,,,,,,,,,unknown,squad,provisional,,2026-05-30
Panama,16,,,,,,,,,unknown,squad,provisional,,2026-05-30
Panama,17,,,,,,,,,unknown,squad,provisional,,2026-05-30
Panama,18,,,,,,,,,unknown,squad,provisional,,2026-05-30
Panama,19,,,,,,,,,unknown,squad,provisional,,2026-05-30
Panama,20,,,,,,,,,unknown,squad,provisional,,2026-05-30
Panama,21,,,,,,,,,unknown,squad,provisional,,2026-05-30
Panama,22,,,,,,,,,unknown,squad,provisional,,2026-05-30
Panama,23,,,,,,,,,unknown,squad,provisional,,2026-05-30
Panama,24,,,,,,,,,unknown,squad,provisional,,2026-05-30
Panama,25,,,,,,,,,unknown,squad,provisional,,2026-05-30
Panama,26,,,,,,,,,unknown,squad,provisional,,2026-05-30
