advancing_third_groups,3ABCDF,3CDFGH,3CEFHI,3EHIJK,3BEFIJ,3AEHIJ,3EFGIJ,3DEIJL,assignment_source
ABCDEFGH,C,G,H,E,B,A,F,D,generated_from_fifa_candidate_slots
ABCDEFGI,B,C,F,E,I,A,G,D,generated_from_fifa_candidate_slots
ABCDEFGJ,B,F,C,E,J,A,G,D,generated_from_fifa_candidate_slots
ABCDEFGK,F,G,C,K,B,A,E,D,generated_from_fifa_candidate_slots
ABCDEFGL,D,G,C,E,B,A,F,L,generated_from_fifa_candidate_slots
ABCDEFHI,A,C,I,E,B,H,F,D,generated_from_fifa_candidate_slots
ABCDEFHJ,A,C,H,E,B,J,F,D,generated_from_fifa_candidate_slots
ABCDEFHK,F,C,H,K,B,A,E,D,generated_from_fifa_candidate_slots
ABCDEFHL,D,C,H,E,B,A,F,L,generated_from_fifa_candidate_slots
ABCDEFIJ,B,C,F,E,J,A,I,D,generated_from_fifa_candidate_slots
ABCDEFIK,B,C,F,K,I,A,E,D,generated_from_fifa_candidate_slots
ABCDEFIL,D,C,I,E,B,A,F,L,generated_from_fifa_candidate_slots
ABCDEFJK,B,C,E,K,J,A,F,D,generated_from_fifa_candidate_slots
ABCDEFJL,D,C,F,E,B,A,J,L,generated_from_fifa_candidate_slots
ABCDEFKL,D,C,F,K,B,A,E,L,generated_from_fifa_candidate_slots
ABCDEGHI,A,C,H,E,B,I,G,D,generated_from_fifa_candidate_slots
ABCDEGHJ,A,H,C,E,B,J,G,D,generated_from_fifa_candidate_slots
ABCDEGHK,A,G,C,K,B,H,E,D,generated_from_fifa_candidate_slots
ABCDEGHL,D,H,C,E,B,A,G,L,generated_from_fifa_candidate_slots
ABCDEGIJ,A,C,E,I,B,J,G,D,generated_from_fifa_candidate_slots
ABCDEGIK,D,C,E,K,B,A,G,I,generated_from_fifa_candidate_slots
ABCDEGIL,D,C,I,E,B,A,G,L,generated_from_fifa_candidate_slots
ABCDEGJK,A,D,C,K,B,E,G,J,generated_from_fifa_candidate_slots
ABCDEGJL,A,D,C,E,B,J,G,L,generated_from_fifa_candidate_slots
ABCDEGKL,D,G,C,K,B,A,E,L,generated_from_fifa_candidate_slots
ABCDEHIJ,A,C,H,I,B,J,E,D,generated_from_fifa_candidate_slots
ABCDEHIK,A,C,H,K,B,I,E,D,generated_from_fifa_candidate_slots
ABCDEHIL,D,C,I,H,B,A,E,L,generated_from_fifa_candidate_slots
ABCDEHJK,A,C,H,K,B,J,E,D,generated_from_fifa_candidate_slots
ABCDEHJL,D,C,H,J,B,A,E,L,generated_from_fifa_candidate_slots
ABCDEHKL,D,C,H,K,B,A,E,L,generated_from_fifa_candidate_slots
ABCDEIJK,A,C,E,K,B,J,I,D,generated_from_fifa_candidate_slots
ABCDEIJL,D,C,E,I,B,A,J,L,generated_from_fifa_candidate_slots
ABCDEIKL,D,C,I,K,B,A,E,L,generated_from_fifa_candidate_slots
ABCDEJKL,D,C,E,K,B,A,J,L,generated_from_fifa_candidate_slots
ABCDFGHI,C,G,I,H,B,A,F,D,generated_from_fifa_candidate_slots
ABCDFGHJ,F,G,C,H,B,A,J,D,generated_from_fifa_candidate_slots
ABCDFGHK,C,G,H,K,B,A,F,D,generated_from_fifa_candidate_slots
ABCDFGHL,D,G,C,H,B,A,F,L,generated_from_fifa_candidate_slots
ABCDFGIJ,B,F,C,I,J,A,G,D,generated_from_fifa_candidate_slots
ABCDFGIK,F,G,C,K,B,A,I,D,generated_from_fifa_candidate_slots
ABCDFGIL,D,G,C,I,B,A,F,L,generated_from_fifa_candidate_slots
ABCDFGJK,F,G,C,K,B,A,J,D,generated_from_fifa_candidate_slots
ABCDFGJL,D,G,C,J,B,A,F,L,generated_from_fifa_candidate_slots
ABCDFGKL,D,G,C,K,B,A,F,L,generated_from_fifa_candidate_slots
ABCDFHIJ,A,C,I,H,B,J,F,D,generated_from_fifa_candidate_slots
ABCDFHIK,C,H,I,K,B,A,F,D,generated_from_fifa_candidate_slots
ABCDFHIL,D,C,I,H,B,A,F,L,generated_from_fifa_candidate_slots
ABCDFHJK,A,H,C,K,B,J,F,D,generated_from_fifa_candidate_slots
ABCDFHJL,A,D,C,H,B,J,F,L,generated_from_fifa_candidate_slots
ABCDFHKL,D,H,C,K,B,A,F,L,generated_from_fifa_candidate_slots
ABCDFIJK,B,C,F,K,J,A,I,D,generated_from_fifa_candidate_slots
ABCDFIJL,D,C,F,I,B,A,J,L,generated_from_fifa_candidate_slots
ABCDFIKL,D,C,I,K,B,A,F,L,generated_from_fifa_candidate_slots
ABCDFJKL,B,D,C,K,J,A,F,L,generated_from_fifa_candidate_slots
ABCDGHIJ,A,D,C,H,B,J,G,I,generated_from_fifa_candidate_slots
ABCDGHIK,A,H,C,K,B,I,G,D,generated_from_fifa_candidate_slots
ABCDGHIL,A,D,C,H,B,I,G,L,generated_from_fifa_candidate_slots
ABCDGHJK,A,H,C,K,B,J,G,D,generated_from_fifa_candidate_slots
ABCDGHJL,A,D,C,H,B,J,G,L,generated_from_fifa_candidate_slots
ABCDGHKL,D,H,C,K,B,A,G,L,generated_from_fifa_candidate_slots
ABCDGIJK,A,D,C,K,B,I,G,J,generated_from_fifa_candidate_slots
ABCDGIJL,A,D,C,I,B,J,G,L,generated_from_fifa_candidate_slots
ABCDGIKL,D,G,C,K,B,A,I,L,generated_from_fifa_candidate_slots
ABCDGJKL,D,G,C,K,B,A,J,L,generated_from_fifa_candidate_slots
ABCDHIJK,A,C,H,K,B,J,I,D,generated_from_fifa_candidate_slots
ABCDHIJL,D,C,H,J,B,A,I,L,generated_from_fifa_candidate_slots
ABCDHIKL,D,C,H,K,B,A,I,L,generated_from_fifa_candidate_slots
ABCDHJKL,A,D,C,K,B,H,J,L,generated_from_fifa_candidate_slots
ABCDIJKL,D,C,I,K,B,A,J,L,generated_from_fifa_candidate_slots
ABCEFGHI,A,C,F,H,B,I,G,E,generated_from_fifa_candidate_slots
ABCEFGHJ,A,C,F,H,B,J,G,E,generated_from_fifa_candidate_slots
ABCEFGHK,C,G,H,K,B,A,F,E,generated_from_fifa_candidate_slots
ABCEFGHL,C,G,H,E,B,A,F,L,generated_from_fifa_candidate_slots
ABCEFGIJ,A,C,F,E,B,J,G,I,generated_from_fifa_candidate_slots
ABCEFGIK,B,C,F,K,I,A,G,E,generated_from_fifa_candidate_slots
ABCEFGIL,B,C,F,E,I,A,G,L,generated_from_fifa_candidate_slots
ABCEFGJK,B,C,F,K,J,A,G,E,generated_from_fifa_candidate_slots
ABCEFGJL,B,C,F,E,J,A,G,L,generated_from_fifa_candidate_slots
ABCEFGKL,F,C,E,K,B,A,G,L,generated_from_fifa_candidate_slots
ABCEFHIJ,A,C,I,H,B,J,F,E,generated_from_fifa_candidate_slots
ABCEFHIK,A,C,I,K,B,H,F,E,generated_from_fifa_candidate_slots
ABCEFHIL,A,C,I,E,B,H,F,L,generated_from_fifa_candidate_slots
ABCEFHJK,A,C,H,K,B,J,F,E,generated_from_fifa_candidate_slots
ABCEFHJL,A,C,H,E,B,J,F,L,generated_from_fifa_candidate_slots
ABCEFHKL,F,C,H,K,B,A,E,L,generated_from_fifa_candidate_slots
ABCEFIJK,A,C,F,K,B,I,J,E,generated_from_fifa_candidate_slots
ABCEFIJL,A,C,F,E,B,I,J,L,generated_from_fifa_candidate_slots
ABCEFIKL,B,C,F,K,I,A,E,L,generated_from_fifa_candidate_slots
ABCEFJKL,B,C,E,K,J,A,F,L,generated_from_fifa_candidate_slots
ABCEGHIJ,A,C,H,I,B,J,G,E,generated_from_fifa_candidate_slots
ABCEGHIK,A,C,H,K,B,I,G,E,generated_from_fifa_candidate_slots
ABCEGHIL,A,C,H,E,B,I,G,L,generated_from_fifa_candidate_slots
ABCEGHJK,A,C,H,K,B,J,G,E,generated_from_fifa_candidate_slots
ABCEGHJL,A,C,E,H,B,J,G,L,generated_from_fifa_candidate_slots
ABCEGHKL,A,G,C,K,B,H,E,L,generated_from_fifa_candidate_slots
ABCEGIJK,A,C,E,K,B,J,G,I,generated_from_fifa_candidate_slots
ABCEGIJL,A,C,E,I,B,J,G,L,generated_from_fifa_candidate_slots
ABCEGIKL,A,C,E,K,B,I,G,L,generated_from_fifa_candidate_slots
ABCEGJKL,A,C,E,K,B,J,G,L,generated_from_fifa_candidate_slots
ABCEHIJK,A,C,H,K,B,J,E,I,generated_from_fifa_candidate_slots
ABCEHIJL,A,C,H,I,B,J,E,L,generated_from_fifa_candidate_slots
ABCEHIKL,A,C,H,K,B,I,E,L,generated_from_fifa_candidate_slots
ABCEHJKL,A,C,H,K,B,J,E,L,generated_from_fifa_candidate_slots
ABCEIJKL,A,C,E,K,B,J,I,L,generated_from_fifa_candidate_slots
ABCFGHIJ,A,C,F,H,B,J,G,I,generated_from_fifa_candidate_slots
ABCFGHIK,C,G,H,K,B,A,F,I,generated_from_fifa_candidate_slots
ABCFGHIL,C,G,I,H,B,A,F,L,generated_from_fifa_candidate_slots
ABCFGHJK,F,H,C,K,B,A,G,J,generated_from_fifa_candidate_slots
ABCFGHJL,F,G,C,H,B,A,J,L,generated_from_fifa_candidate_slots
ABCFGHKL,C,G,H,K,B,A,F,L,generated_from_fifa_candidate_slots
ABCFGIJK,B,C,F,K,J,A,G,I,generated_from_fifa_candidate_slots
ABCFGIJL,B,C,F,I,J,A,G,L,generated_from_fifa_candidate_slots
ABCFGIKL,B,C,F,K,I,A,G,L,generated_from_fifa_candidate_slots
ABCFGJKL,B,F,C,K,J,A,G,L,generated_from_fifa_candidate_slots
ABCFHIJK,A,C,H,K,B,J,F,I,generated_from_fifa_candidate_slots
ABCFHIJL,A,C,I,H,B,J,F,L,generated_from_fifa_candidate_slots
ABCFHIKL,A,C,I,K,B,H,F,L,generated_from_fifa_candidate_slots
ABCFHJKL,A,C,H,K,B,J,F,L,generated_from_fifa_candidate_slots
ABCFIJKL,B,C,F,K,J,A,I,L,generated_from_fifa_candidate_slots
ABCGHIJK,A,C,H,K,B,J,G,I,generated_from_fifa_candidate_slots
ABCGHIJL,A,C,H,I,B,J,G,L,generated_from_fifa_candidate_slots
ABCGHIKL,A,C,H,K,B,I,G,L,generated_from_fifa_candidate_slots
ABCGHJKL,A,H,C,K,B,J,G,L,generated_from_fifa_candidate_slots
ABCGIJKL,A,C,I,K,B,J,G,L,generated_from_fifa_candidate_slots
ABCHIJKL,A,C,H,K,B,J,I,L,generated_from_fifa_candidate_slots
ABDEFGHI,A,F,H,E,B,I,G,D,generated_from_fifa_candidate_slots
ABDEFGHJ,A,F,E,H,B,J,G,D,generated_from_fifa_candidate_slots
ABDEFGHK,F,H,E,K,B,A,G,D,generated_from_fifa_candidate_slots
ABDEFGHL,D,H,F,E,B,A,G,L,generated_from_fifa_candidate_slots
ABDEFGIJ,B,D,E,I,F,A,G,J,generated_from_fifa_candidate_slots
ABDEFGIK,B,D,E,K,F,A,G,I,generated_from_fifa_candidate_slots
ABDEFGIL,B,D,F,E,I,A,G,L,generated_from_fifa_candidate_slots
ABDEFGJK,B,D,E,K,F,A,G,J,generated_from_fifa_candidate_slots
ABDEFGJL,B,D,E,J,F,A,G,L,generated_from_fifa_candidate_slots
ABDEFGKL,F,D,E,K,B,A,G,L,generated_from_fifa_candidate_slots
ABDEFHIJ,A,D,E,H,B,J,F,I,generated_from_fifa_candidate_slots
ABDEFHIK,A,D,F,K,B,H,E,I,generated_from_fifa_candidate_slots
ABDEFHIL,A,D,H,E,B,I,F,L,generated_from_fifa_candidate_slots
ABDEFHJK,A,D,E,K,B,H,F,J,generated_from_fifa_candidate_slots
ABDEFHJL,A,D,E,H,B,J,F,L,generated_from_fifa_candidate_slots
ABDEFHKL,A,D,F,K,B,H,E,L,generated_from_fifa_candidate_slots
ABDEFIJK,A,D,E,K,B,I,F,J,generated_from_fifa_candidate_slots
ABDEFIJL,A,D,E,I,B,J,F,L,generated_from_fifa_candidate_slots
ABDEFIKL,B,D,E,K,I,A,F,L,generated_from_fifa_candidate_slots
ABDEFJKL,B,D,E,K,J,A,F,L,generated_from_fifa_candidate_slots
ABDEGHIJ,A,D,E,H,B,J,G,I,generated_from_fifa_candidate_slots
ABDEGHIK,A,D,E,K,B,H,G,I,generated_from_fifa_candidate_slots
ABDEGHIL,A,D,E,H,B,I,G,L,generated_from_fifa_candidate_slots
ABDEGHJK,A,D,E,K,B,H,G,J,generated_from_fifa_candidate_slots
ABDEGHJL,A,D,E,H,B,J,G,L,generated_from_fifa_candidate_slots
ABDEGHKL,A,D,E,K,B,H,G,L,generated_from_fifa_candidate_slots
ABDEGIJK,A,D,E,K,B,I,G,J,generated_from_fifa_candidate_slots
ABDEGIJL,A,D,E,I,B,J,G,L,generated_from_fifa_candidate_slots
ABDEGIKL,A,D,E,K,B,I,G,L,generated_from_fifa_candidate_slots
ABDEGJKL,A,D,E,K,B,J,G,L,generated_from_fifa_candidate_slots
ABDEHIJK,A,D,E,K,B,H,I,J,generated_from_fifa_candidate_slots
ABDEHIJL,A,D,E,H,B,J,I,L,generated_from_fifa_candidate_slots
ABDEHIKL,A,D,H,K,B,I,E,L,generated_from_fifa_candidate_slots
ABDEHJKL,A,D,E,K,B,H,J,L,generated_from_fifa_candidate_slots
ABDEIJKL,A,D,E,K,B,J,I,L,generated_from_fifa_candidate_slots
ABDFGHIJ,A,G,F,H,B,I,J,D,generated_from_fifa_candidate_slots
ABDFGHIK,A,G,F,K,B,H,I,D,generated_from_fifa_candidate_slots
ABDFGHIL,D,G,F,H,B,A,I,L,generated_from_fifa_candidate_slots
ABDFGHJK,A,G,F,K,B,H,J,D,generated_from_fifa_candidate_slots
ABDFGHJL,D,G,F,H,B,A,J,L,generated_from_fifa_candidate_slots
ABDFGHKL,D,H,F,K,B,A,G,L,generated_from_fifa_candidate_slots
ABDFGIJK,B,D,F,K,J,A,G,I,generated_from_fifa_candidate_slots
ABDFGIJL,B,D,F,I,J,A,G,L,generated_from_fifa_candidate_slots
ABDFGIKL,B,D,F,K,I,A,G,L,generated_from_fifa_candidate_slots
ABDFGJKL,B,D,F,K,J,A,G,L,generated_from_fifa_candidate_slots
ABDFHIJK,A,D,F,K,B,H,I,J,generated_from_fifa_candidate_slots
ABDFHIJL,A,D,F,H,B,J,I,L,generated_from_fifa_candidate_slots
ABDFHIKL,A,D,H,K,B,I,F,L,generated_from_fifa_candidate_slots
ABDFHJKL,A,D,F,K,B,H,J,L,generated_from_fifa_candidate_slots
ABDFIJKL,B,D,F,K,J,A,I,L,generated_from_fifa_candidate_slots
ABDGHIJK,A,D,H,K,B,J,G,I,generated_from_fifa_candidate_slots
ABDGHIJL,A,D,H,I,B,J,G,L,generated_from_fifa_candidate_slots
ABDGHIKL,A,D,H,K,B,I,G,L,generated_from_fifa_candidate_slots
ABDGHJKL,A,D,H,K,B,J,G,L,generated_from_fifa_candidate_slots
ABDGIJKL,A,D,I,K,B,J,G,L,generated_from_fifa_candidate_slots
ABDHIJKL,A,D,H,K,B,J,I,L,generated_from_fifa_candidate_slots
ABEFGHIJ,A,F,H,I,B,J,G,E,generated_from_fifa_candidate_slots
ABEFGHIK,A,F,H,K,B,I,G,E,generated_from_fifa_candidate_slots
ABEFGHIL,A,F,H,E,B,I,G,L,generated_from_fifa_candidate_slots
ABEFGHJK,A,F,H,K,B,J,G,E,generated_from_fifa_candidate_slots
ABEFGHJL,A,F,E,H,B,J,G,L,generated_from_fifa_candidate_slots
ABEFGHKL,A,F,E,K,B,H,G,L,generated_from_fifa_candidate_slots
ABEFGIJK,A,F,E,K,B,J,G,I,generated_from_fifa_candidate_slots
ABEFGIJL,A,F,E,I,B,J,G,L,generated_from_fifa_candidate_slots
ABEFGIKL,A,F,E,K,B,I,G,L,generated_from_fifa_candidate_slots
ABEFGJKL,A,F,E,K,B,J,G,L,generated_from_fifa_candidate_slots
ABEFHIJK,A,F,H,K,B,J,I,E,generated_from_fifa_candidate_slots
ABEFHIJL,A,F,E,H,B,J,I,L,generated_from_fifa_candidate_slots
ABEFHIKL,A,F,H,K,B,I,E,L,generated_from_fifa_candidate_slots
ABEFHJKL,A,F,E,K,B,H,J,L,generated_from_fifa_candidate_slots
ABEFIJKL,A,F,E,K,B,I,J,L,generated_from_fifa_candidate_slots
ABEGHIJK,A,G,E,K,B,H,J,I,generated_from_fifa_candidate_slots
ABEGHIJL,A,G,E,H,B,J,I,L,generated_from_fifa_candidate_slots
ABEGHIKL,A,G,E,K,B,H,I,L,generated_from_fifa_candidate_slots
ABEGHJKL,A,G,E,K,B,H,J,L,generated_from_fifa_candidate_slots
ABEGIJKL,A,G,E,K,B,I,J,L,generated_from_fifa_candidate_slots
ABEHIJKL,A,H,E,K,B,J,I,L,generated_from_fifa_candidate_slots
ABFGHIJK,A,F,H,K,B,J,G,I,generated_from_fifa_candidate_slots
ABFGHIJL,A,F,H,I,B,J,G,L,generated_from_fifa_candidate_slots
ABFGHIKL,A,F,H,K,B,I,G,L,generated_from_fifa_candidate_slots
ABFGHJKL,A,G,F,K,B,H,J,L,generated_from_fifa_candidate_slots
ABFGIJKL,A,F,I,K,B,J,G,L,generated_from_fifa_candidate_slots
ABFHIJKL,A,F,H,K,B,J,I,L,generated_from_fifa_candidate_slots
ABGHIJKL,A,G,H,K,B,J,I,L,generated_from_fifa_candidate_slots
ACDEFGHI,A,C,I,E,F,H,G,D,generated_from_fifa_candidate_slots
ACDEFGHJ,A,G,C,E,F,H,J,D,generated_from_fifa_candidate_slots
ACDEFGHK,C,G,H,K,E,A,F,D,generated_from_fifa_candidate_slots
ACDEFGHL,C,D,H,E,F,A,G,L,generated_from_fifa_candidate_slots
ACDEFGIJ,A,C,F,E,I,J,G,D,generated_from_fifa_candidate_slots
ACDEFGIK,C,F,I,K,E,A,G,D,generated_from_fifa_candidate_slots
ACDEFGIL,C,D,I,E,F,A,G,L,generated_from_fifa_candidate_slots
ACDEFGJK,F,G,C,K,E,A,J,D,generated_from_fifa_candidate_slots
ACDEFGJL,D,G,C,E,F,A,J,L,generated_from_fifa_candidate_slots
ACDEFGKL,D,G,C,K,E,A,F,L,generated_from_fifa_candidate_slots
ACDEFHIJ,A,C,H,E,F,J,I,D,generated_from_fifa_candidate_slots
ACDEFHIK,A,C,I,K,E,H,F,D,generated_from_fifa_candidate_slots
ACDEFHIL,A,D,C,E,F,H,I,L,generated_from_fifa_candidate_slots
ACDEFHJK,A,C,H,K,E,J,F,D,generated_from_fifa_candidate_slots
ACDEFHJL,A,D,C,E,F,H,J,L,generated_from_fifa_candidate_slots
ACDEFHKL,C,D,H,K,E,A,F,L,generated_from_fifa_candidate_slots
ACDEFIJK,A,C,E,K,F,I,J,D,generated_from_fifa_candidate_slots
ACDEFIJL,D,C,F,E,I,A,J,L,generated_from_fifa_candidate_slots
ACDEFIKL,D,C,I,K,E,A,F,L,generated_from_fifa_candidate_slots
ACDEFJKL,D,C,E,K,F,A,J,L,generated_from_fifa_candidate_slots
ACDEGHIJ,A,C,H,I,E,J,G,D,generated_from_fifa_candidate_slots
ACDEGHIK,A,C,H,K,E,I,G,D,generated_from_fifa_candidate_slots
ACDEGHIL,A,D,C,H,E,I,G,L,generated_from_fifa_candidate_slots
ACDEGHJK,A,H,C,K,E,J,G,D,generated_from_fifa_candidate_slots
ACDEGHJL,A,D,C,H,E,J,G,L,generated_from_fifa_candidate_slots
ACDEGHKL,A,D,C,K,E,H,G,L,generated_from_fifa_candidate_slots
ACDEGIJK,A,C,E,K,I,J,G,D,generated_from_fifa_candidate_slots
ACDEGIJL,A,D,C,E,I,J,G,L,generated_from_fifa_candidate_slots
ACDEGIKL,A,D,C,K,E,I,G,L,generated_from_fifa_candidate_slots
ACDEGJKL,A,D,C,K,E,J,G,L,generated_from_fifa_candidate_slots
ACDEHIJK,A,C,H,K,E,J,I,D,generated_from_fifa_candidate_slots
ACDEHIJL,A,D,C,H,E,J,I,L,generated_from_fifa_candidate_slots
ACDEHIKL,A,D,C,K,E,H,I,L,generated_from_fifa_candidate_slots
ACDEHJKL,A,D,C,K,E,H,J,L,generated_from_fifa_candidate_slots
ACDEIJKL,D,C,E,K,I,A,J,L,generated_from_fifa_candidate_slots
ACDFGHIJ,A,G,C,H,F,I,J,D,generated_from_fifa_candidate_slots
ACDFGHIK,C,H,I,K,F,A,G,D,generated_from_fifa_candidate_slots
ACDFGHIL,C,D,I,H,F,A,G,L,generated_from_fifa_candidate_slots
ACDFGHJK,A,G,C,K,F,H,J,D,generated_from_fifa_candidate_slots
ACDFGHJL,D,G,C,H,F,A,J,L,generated_from_fifa_candidate_slots
ACDFGHKL,D,H,C,K,F,A,G,L,generated_from_fifa_candidate_slots
ACDFGIJK,D,G,C,K,F,A,J,I,generated_from_fifa_candidate_slots
ACDFGIJL,D,G,C,I,F,A,J,L,generated_from_fifa_candidate_slots
ACDFGIKL,D,G,C,K,F,A,I,L,generated_from_fifa_candidate_slots
ACDFGJKL,D,G,C,K,F,A,J,L,generated_from_fifa_candidate_slots
ACDFHIJK,A,C,H,K,F,J,I,D,generated_from_fifa_candidate_slots
ACDFHIJL,A,D,C,H,F,J,I,L,generated_from_fifa_candidate_slots
ACDFHIKL,C,D,H,K,F,A,I,L,generated_from_fifa_candidate_slots
ACDFHJKL,D,H,C,K,F,A,J,L,generated_from_fifa_candidate_slots
ACDFIJKL,D,C,F,K,I,A,J,L,generated_from_fifa_candidate_slots
ACDGHIJK,A,H,C,K,I,J,G,D,generated_from_fifa_candidate_slots
ACDGHIJL,A,D,C,H,I,J,G,L,generated_from_fifa_candidate_slots
ACDGHIKL,A,D,C,K,I,H,G,L,generated_from_fifa_candidate_slots
ACDGHJKL,A,D,C,K,J,H,G,L,generated_from_fifa_candidate_slots
ACDGIJKL,A,D,C,K,I,J,G,L,generated_from_fifa_candidate_slots
ACDHIJKL,A,D,C,K,I,H,J,L,generated_from_fifa_candidate_slots
ACEFGHIJ,A,C,I,H,F,J,G,E,generated_from_fifa_candidate_slots
ACEFGHIK,A,C,I,K,F,H,G,E,generated_from_fifa_candidate_slots
ACEFGHIL,A,C,I,E,F,H,G,L,generated_from_fifa_candidate_slots
ACEFGHJK,A,C,H,K,F,J,G,E,generated_from_fifa_candidate_slots
ACEFGHJL,A,C,H,E,F,J,G,L,generated_from_fifa_candidate_slots
ACEFGHKL,A,G,C,K,E,H,F,L,generated_from_fifa_candidate_slots
ACEFGIJK,A,C,F,K,I,J,G,E,generated_from_fifa_candidate_slots
ACEFGIJL,A,C,F,E,I,J,G,L,generated_from_fifa_candidate_slots
ACEFGIKL,A,C,F,K,E,I,G,L,generated_from_fifa_candidate_slots
ACEFGJKL,A,C,E,K,F,J,G,L,generated_from_fifa_candidate_slots
ACEFHIJK,A,C,H,K,F,J,I,E,generated_from_fifa_candidate_slots
ACEFHIJL,A,C,H,E,F,J,I,L,generated_from_fifa_candidate_slots
ACEFHIKL,A,C,I,K,E,H,F,L,generated_from_fifa_candidate_slots
ACEFHJKL,A,C,H,K,E,J,F,L,generated_from_fifa_candidate_slots
ACEFIJKL,A,C,E,K,F,I,J,L,generated_from_fifa_candidate_slots
ACEGHIJK,A,C,H,K,E,J,G,I,generated_from_fifa_candidate_slots
ACEGHIJL,A,C,H,I,E,J,G,L,generated_from_fifa_candidate_slots
ACEGHIKL,A,C,H,K,E,I,G,L,generated_from_fifa_candidate_slots
ACEGHJKL,A,C,H,K,E,J,G,L,generated_from_fifa_candidate_slots
ACEGIJKL,A,C,E,K,I,J,G,L,generated_from_fifa_candidate_slots
ACEHIJKL,A,C,H,K,E,J,I,L,generated_from_fifa_candidate_slots
ACFGHIJK,A,C,H,K,F,J,G,I,generated_from_fifa_candidate_slots
ACFGHIJL,A,C,I,H,F,J,G,L,generated_from_fifa_candidate_slots
ACFGHIKL,A,C,I,K,F,H,G,L,generated_from_fifa_candidate_slots
ACFGHJKL,A,G,C,K,F,H,J,L,generated_from_fifa_candidate_slots
ACFGIJKL,A,C,F,K,I,J,G,L,generated_from_fifa_candidate_slots
ACFHIJKL,A,C,H,K,F,J,I,L,generated_from_fifa_candidate_slots
ACGHIJKL,A,C,H,K,I,J,G,L,generated_from_fifa_candidate_slots
ADEFGHIJ,A,D,E,H,F,J,G,I,generated_from_fifa_candidate_slots
ADEFGHIK,A,F,H,K,E,I,G,D,generated_from_fifa_candidate_slots
ADEFGHIL,A,D,H,E,F,I,G,L,generated_from_fifa_candidate_slots
ADEFGHJK,A,G,E,K,F,H,J,D,generated_from_fifa_candidate_slots
ADEFGHJL,A,D,E,H,F,J,G,L,generated_from_fifa_candidate_slots
ADEFGHKL,A,D,F,K,E,H,G,L,generated_from_fifa_candidate_slots
ADEFGIJK,A,D,E,K,F,I,G,J,generated_from_fifa_candidate_slots
ADEFGIJL,A,D,E,I,F,J,G,L,generated_from_fifa_candidate_slots
ADEFGIKL,A,D,E,K,F,I,G,L,generated_from_fifa_candidate_slots
ADEFGJKL,A,D,E,K,F,J,G,L,generated_from_fifa_candidate_slots
ADEFHIJK,A,D,E,K,F,H,I,J,generated_from_fifa_candidate_slots
ADEFHIJL,A,D,E,H,F,J,I,L,generated_from_fifa_candidate_slots
ADEFHIKL,A,D,H,K,E,I,F,L,generated_from_fifa_candidate_slots
ADEFHJKL,A,D,E,K,F,H,J,L,generated_from_fifa_candidate_slots
ADEFIJKL,A,D,E,K,F,I,J,L,generated_from_fifa_candidate_slots
ADEGHIJK,A,D,E,K,I,H,G,J,generated_from_fifa_candidate_slots
ADEGHIJL,A,D,E,H,I,J,G,L,generated_from_fifa_candidate_slots
ADEGHIKL,A,D,H,K,E,I,G,L,generated_from_fifa_candidate_slots
ADEGHJKL,A,D,E,K,J,H,G,L,generated_from_fifa_candidate_slots
ADEGIJKL,A,D,E,K,I,J,G,L,generated_from_fifa_candidate_slots
ADEHIJKL,A,D,E,K,I,H,J,L,generated_from_fifa_candidate_slots
ADFGHIJK,A,G,F,K,I,H,J,D,generated_from_fifa_candidate_slots
ADFGHIJL,A,D,F,H,I,J,G,L,generated_from_fifa_candidate_slots
ADFGHIKL,A,D,H,K,F,I,G,L,generated_from_fifa_candidate_slots
ADFGHJKL,A,D,F,K,J,H,G,L,generated_from_fifa_candidate_slots
ADFGIJKL,A,D,F,K,I,J,G,L,generated_from_fifa_candidate_slots
ADFHIJKL,A,D,F,K,I,H,J,L,generated_from_fifa_candidate_slots
ADGHIJKL,A,D,H,K,I,J,G,L,generated_from_fifa_candidate_slots
AEFGHIJK,A,F,H,K,I,J,G,E,generated_from_fifa_candidate_slots
AEFGHIJL,A,F,E,H,I,J,G,L,generated_from_fifa_candidate_slots
AEFGHIKL,A,F,H,K,E,I,G,L,generated_from_fifa_candidate_slots
AEFGHJKL,A,F,E,K,J,H,G,L,generated_from_fifa_candidate_slots
AEFGIJKL,A,F,E,K,I,J,G,L,generated_from_fifa_candidate_slots
AEFHIJKL,A,F,E,K,I,H,J,L,generated_from_fifa_candidate_slots
AEGHIJKL,A,G,E,K,I,H,J,L,generated_from_fifa_candidate_slots
AFGHIJKL,A,F,H,K,I,J,G,L,generated_from_fifa_candidate_slots
BCDEFGHI,B,C,I,E,F,H,G,D,generated_from_fifa_candidate_slots
BCDEFGHJ,B,G,C,E,F,H,J,D,generated_from_fifa_candidate_slots
BCDEFGHK,C,G,H,K,B,E,F,D,generated_from_fifa_candidate_slots
BCDEFGHL,D,G,C,E,B,H,F,L,generated_from_fifa_candidate_slots
BCDEFGIJ,B,C,F,E,J,I,G,D,generated_from_fifa_candidate_slots
BCDEFGIK,B,C,F,K,I,E,G,D,generated_from_fifa_candidate_slots
BCDEFGIL,B,D,C,E,F,I,G,L,generated_from_fifa_candidate_slots
BCDEFGJK,B,F,C,K,J,E,G,D,generated_from_fifa_candidate_slots
BCDEFGJL,B,D,C,E,F,J,G,L,generated_from_fifa_candidate_slots
BCDEFGKL,D,G,C,K,B,E,F,L,generated_from_fifa_candidate_slots
BCDEFHIJ,B,C,I,E,J,H,F,D,generated_from_fifa_candidate_slots
BCDEFHIK,B,C,H,K,I,E,F,D,generated_from_fifa_candidate_slots
BCDEFHIL,B,D,C,E,I,H,F,L,generated_from_fifa_candidate_slots
BCDEFHJK,B,C,H,K,J,E,F,D,generated_from_fifa_candidate_slots
BCDEFHJL,B,D,C,E,J,H,F,L,generated_from_fifa_candidate_slots
BCDEFHKL,C,D,H,K,B,E,F,L,generated_from_fifa_candidate_slots
BCDEFIJK,B,C,F,K,J,E,I,D,generated_from_fifa_candidate_slots
BCDEFIJL,D,C,F,E,B,I,J,L,generated_from_fifa_candidate_slots
BCDEFIKL,D,C,I,K,B,E,F,L,generated_from_fifa_candidate_slots
BCDEFJKL,D,C,F,K,B,E,J,L,generated_from_fifa_candidate_slots
BCDEGHIJ,B,C,E,H,I,J,G,D,generated_from_fifa_candidate_slots
BCDEGHIK,B,C,I,K,E,H,G,D,generated_from_fifa_candidate_slots
BCDEGHIL,B,D,C,E,I,H,G,L,generated_from_fifa_candidate_slots
BCDEGHJK,B,D,C,K,E,H,G,J,generated_from_fifa_candidate_slots
BCDEGHJL,B,D,C,E,J,H,G,L,generated_from_fifa_candidate_slots
BCDEGHKL,C,D,H,K,B,E,G,L,generated_from_fifa_candidate_slots
BCDEGIJK,B,C,E,K,J,I,G,D,generated_from_fifa_candidate_slots
BCDEGIJL,B,D,C,E,J,I,G,L,generated_from_fifa_candidate_slots
BCDEGIKL,B,D,C,K,I,E,G,L,generated_from_fifa_candidate_slots
BCDEGJKL,B,D,C,K,J,E,G,L,generated_from_fifa_candidate_slots
BCDEHIJK,B,C,H,K,I,J,E,D,generated_from_fifa_candidate_slots
BCDEHIJL,B,D,C,H,I,J,E,L,generated_from_fifa_candidate_slots
BCDEHIKL,B,D,C,K,I,H,E,L,generated_from_fifa_candidate_slots
BCDEHJKL,B,D,C,K,J,H,E,L,generated_from_fifa_candidate_slots
BCDEIJKL,D,C,E,K,B,I,J,L,generated_from_fifa_candidate_slots
BCDFGHIJ,B,G,C,H,F,I,J,D,generated_from_fifa_candidate_slots
BCDFGHIK,C,G,I,K,B,H,F,D,generated_from_fifa_candidate_slots
BCDFGHIL,D,G,C,H,B,I,F,L,generated_from_fifa_candidate_slots
BCDFGHJK,F,G,C,K,B,H,J,D,generated_from_fifa_candidate_slots
BCDFGHJL,D,G,C,H,B,J,F,L,generated_from_fifa_candidate_slots
BCDFGHKL,D,G,C,K,B,H,F,L,generated_from_fifa_candidate_slots
BCDFGIJK,B,F,C,K,J,I,G,D,generated_from_fifa_candidate_slots
BCDFGIJL,B,D,C,I,F,J,G,L,generated_from_fifa_candidate_slots
BCDFGIKL,D,G,C,K,B,I,F,L,generated_from_fifa_candidate_slots
BCDFGJKL,D,G,C,K,B,J,F,L,generated_from_fifa_candidate_slots
BCDFHIJK,B,C,I,K,J,H,F,D,generated_from_fifa_candidate_slots
BCDFHIJL,B,D,C,H,J,I,F,L,generated_from_fifa_candidate_slots
BCDFHIKL,C,D,I,K,B,H,F,L,generated_from_fifa_candidate_slots
BCDFHJKL,B,D,C,K,J,H,F,L,generated_from_fifa_candidate_slots
BCDFIJKL,D,C,F,K,B,I,J,L,generated_from_fifa_candidate_slots
BCDGHIJK,B,D,C,K,I,H,G,J,generated_from_fifa_candidate_slots
BCDGHIJL,B,D,C,H,I,J,G,L,generated_from_fifa_candidate_slots
BCDGHIKL,C,D,I,K,B,H,G,L,generated_from_fifa_candidate_slots
BCDGHJKL,D,G,C,K,B,H,J,L,generated_from_fifa_candidate_slots
BCDGIJKL,B,D,C,K,J,I,G,L,generated_from_fifa_candidate_slots
BCDHIJKL,B,D,C,K,J,H,I,L,generated_from_fifa_candidate_slots
BCEFGHIJ,B,C,F,H,J,I,G,E,generated_from_fifa_candidate_slots
BCEFGHIK,B,C,I,K,F,H,G,E,generated_from_fifa_candidate_slots
BCEFGHIL,B,C,I,E,F,H,G,L,generated_from_fifa_candidate_slots
BCEFGHJK,B,C,F,K,J,H,G,E,generated_from_fifa_candidate_slots
BCEFGHJL,B,C,F,E,J,H,G,L,generated_from_fifa_candidate_slots
BCEFGHKL,B,C,H,K,F,E,G,L,generated_from_fifa_candidate_slots
BCEFGIJK,B,C,F,K,J,E,G,I,generated_from_fifa_candidate_slots
BCEFGIJL,B,C,F,E,J,I,G,L,generated_from_fifa_candidate_slots
BCEFGIKL,B,C,F,K,I,E,G,L,generated_from_fifa_candidate_slots
BCEFGJKL,B,C,F,K,J,E,G,L,generated_from_fifa_candidate_slots
BCEFHIJK,B,C,I,K,J,H,F,E,generated_from_fifa_candidate_slots
BCEFHIJL,B,C,I,E,J,H,F,L,generated_from_fifa_candidate_slots
BCEFHIKL,B,C,H,K,I,E,F,L,generated_from_fifa_candidate_slots
BCEFHJKL,B,C,H,K,J,E,F,L,generated_from_fifa_candidate_slots
BCEFIJKL,B,C,F,K,J,E,I,L,generated_from_fifa_candidate_slots
BCEGHIJK,B,C,H,K,I,J,G,E,generated_from_fifa_candidate_slots
BCEGHIJL,B,C,E,H,I,J,G,L,generated_from_fifa_candidate_slots
BCEGHIKL,B,C,I,K,E,H,G,L,generated_from_fifa_candidate_slots
BCEGHJKL,B,C,E,K,J,H,G,L,generated_from_fifa_candidate_slots
BCEGIJKL,B,C,E,K,J,I,G,L,generated_from_fifa_candidate_slots
BCEHIJKL,B,C,H,K,I,J,E,L,generated_from_fifa_candidate_slots
BCFGHIJK,B,C,F,K,J,H,G,I,generated_from_fifa_candidate_slots
BCFGHIJL,B,C,F,H,J,I,G,L,generated_from_fifa_candidate_slots
BCFGHIKL,B,C,I,K,F,H,G,L,generated_from_fifa_candidate_slots
BCFGHJKL,B,G,C,K,F,H,J,L,generated_from_fifa_candidate_slots
BCFGIJKL,B,C,F,K,J,I,G,L,generated_from_fifa_candidate_slots
BCFHIJKL,B,C,I,K,J,H,F,L,generated_from_fifa_candidate_slots
BCGHIJKL,B,C,H,K,I,J,G,L,generated_from_fifa_candidate_slots
BDEFGHIJ,B,D,E,H,F,I,G,J,generated_from_fifa_candidate_slots
BDEFGHIK,B,F,H,K,I,E,G,D,generated_from_fifa_candidate_slots
BDEFGHIL,B,D,F,E,I,H,G,L,generated_from_fifa_candidate_slots
BDEFGHJK,B,F,E,K,J,H,G,D,generated_from_fifa_candidate_slots
BDEFGHJL,B,D,E,H,F,J,G,L,generated_from_fifa_candidate_slots
BDEFGHKL,B,D,H,K,F,E,G,L,generated_from_fifa_candidate_slots
BDEFGIJK,B,D,E,K,F,I,G,J,generated_from_fifa_candidate_slots
BDEFGIJL,B,D,E,I,F,J,G,L,generated_from_fifa_candidate_slots
BDEFGIKL,B,D,F,K,I,E,G,L,generated_from_fifa_candidate_slots
BDEFGJKL,B,D,E,K,F,J,G,L,generated_from_fifa_candidate_slots
BDEFHIJK,B,D,E,K,J,H,F,I,generated_from_fifa_candidate_slots
BDEFHIJL,B,D,E,H,J,I,F,L,generated_from_fifa_candidate_slots
BDEFHIKL,B,D,H,K,I,E,F,L,generated_from_fifa_candidate_slots
BDEFHJKL,B,D,E,K,J,H,F,L,generated_from_fifa_candidate_slots
BDEFIJKL,B,D,E,K,J,I,F,L,generated_from_fifa_candidate_slots
BDEGHIJK,B,D,E,K,I,H,G,J,generated_from_fifa_candidate_slots
BDEGHIJL,B,D,E,H,I,J,G,L,generated_from_fifa_candidate_slots
BDEGHIKL,B,D,E,K,I,H,G,L,generated_from_fifa_candidate_slots
BDEGHJKL,B,D,E,K,J,H,G,L,generated_from_fifa_candidate_slots
BDEGIJKL,B,D,E,K,J,I,G,L,generated_from_fifa_candidate_slots
BDEHIJKL,B,D,E,K,J,H,I,L,generated_from_fifa_candidate_slots
BDFGHIJK,B,G,F,K,I,H,J,D,generated_from_fifa_candidate_slots
BDFGHIJL,B,D,F,H,J,I,G,L,generated_from_fifa_candidate_slots
BDFGHIKL,B,D,F,K,I,H,G,L,generated_from_fifa_candidate_slots
BDFGHJKL,B,D,F,K,J,H,G,L,generated_from_fifa_candidate_slots
BDFGIJKL,B,D,F,K,J,I,G,L,generated_from_fifa_candidate_slots
BDFHIJKL,B,D,F,K,J,H,I,L,generated_from_fifa_candidate_slots
BDGHIJKL,B,D,H,K,I,J,G,L,generated_from_fifa_candidate_slots
BEFGHIJK,B,F,H,K,J,I,G,E,generated_from_fifa_candidate_slots
BEFGHIJL,B,F,E,H,J,I,G,L,generated_from_fifa_candidate_slots
BEFGHIKL,B,F,H,K,I,E,G,L,generated_from_fifa_candidate_slots
BEFGHJKL,B,F,E,K,J,H,G,L,generated_from_fifa_candidate_slots
BEFGIJKL,B,F,E,K,J,I,G,L,generated_from_fifa_candidate_slots
BEFHIJKL,B,F,E,K,J,H,I,L,generated_from_fifa_candidate_slots
BEGHIJKL,B,G,E,K,I,H,J,L,generated_from_fifa_candidate_slots
BFGHIJKL,B,F,H,K,J,I,G,L,generated_from_fifa_candidate_slots
CDEFGHIJ,C,G,I,E,F,H,J,D,generated_from_fifa_candidate_slots
CDEFGHIK,C,G,I,K,E,H,F,D,generated_from_fifa_candidate_slots
CDEFGHIL,C,D,I,E,F,H,G,L,generated_from_fifa_candidate_slots
CDEFGHJK,C,G,F,K,E,H,J,D,generated_from_fifa_candidate_slots
CDEFGHJL,C,D,H,E,F,J,G,L,generated_from_fifa_candidate_slots
CDEFGHKL,C,D,F,K,E,H,G,L,generated_from_fifa_candidate_slots
CDEFGIJK,C,D,F,K,I,E,G,J,generated_from_fifa_candidate_slots
CDEFGIJL,C,D,F,E,J,I,G,L,generated_from_fifa_candidate_slots
CDEFGIKL,C,D,I,K,F,E,G,L,generated_from_fifa_candidate_slots
CDEFGJKL,C,D,F,K,J,E,G,L,generated_from_fifa_candidate_slots
CDEFHIJK,C,D,I,K,E,H,F,J,generated_from_fifa_candidate_slots
CDEFHIJL,C,D,I,E,F,H,J,L,generated_from_fifa_candidate_slots
CDEFHIKL,C,D,I,K,E,H,F,L,generated_from_fifa_candidate_slots
CDEFHJKL,C,D,F,K,E,H,J,L,generated_from_fifa_candidate_slots
CDEFIJKL,C,D,F,K,I,E,J,L,generated_from_fifa_candidate_slots
CDEGHIJK,C,D,H,K,E,I,G,J,generated_from_fifa_candidate_slots
CDEGHIJL,C,D,H,I,E,J,G,L,generated_from_fifa_candidate_slots
CDEGHIKL,C,D,I,K,E,H,G,L,generated_from_fifa_candidate_slots
CDEGHJKL,C,D,H,K,E,J,G,L,generated_from_fifa_candidate_slots
CDEGIJKL,C,D,E,K,I,J,G,L,generated_from_fifa_candidate_slots
CDEHIJKL,C,D,H,K,E,J,I,L,generated_from_fifa_candidate_slots
CDFGHIJK,C,G,I,K,F,H,J,D,generated_from_fifa_candidate_slots
CDFGHIJL,C,D,I,H,F,J,G,L,generated_from_fifa_candidate_slots
CDFGHIKL,C,D,I,K,F,H,G,L,generated_from_fifa_candidate_slots
CDFGHJKL,D,G,C,K,F,H,J,L,generated_from_fifa_candidate_slots
CDFGIJKL,C,D,F,K,J,I,G,L,generated_from_fifa_candidate_slots
CDFHIJKL,C,D,I,K,F,H,J,L,generated_from_fifa_candidate_slots
CDGHIJKL,C,D,H,K,I,J,G,L,generated_from_fifa_candidate_slots
CEFGHIJK,C,F,H,K,I,J,G,E,generated_from_fifa_candidate_slots
CEFGHIJL,C,F,H,E,I,J,G,L,generated_from_fifa_candidate_slots
CEFGHIKL,C,F,I,K,E,H,G,L,generated_from_fifa_candidate_slots
CEFGHJKL,C,G,F,K,E,H,J,L,generated_from_fifa_candidate_slots
CEFGIJKL,C,F,I,K,J,E,G,L,generated_from_fifa_candidate_slots
CEFHIJKL,C,F,I,K,E,H,J,L,generated_from_fifa_candidate_slots
CEGHIJKL,C,G,H,K,E,I,J,L,generated_from_fifa_candidate_slots
CFGHIJKL,C,G,I,K,F,H,J,L,generated_from_fifa_candidate_slots
DEFGHIJK,D,F,E,K,I,H,G,J,generated_from_fifa_candidate_slots
DEFGHIJL,D,F,E,H,I,J,G,L,generated_from_fifa_candidate_slots
DEFGHIKL,D,F,I,K,E,H,G,L,generated_from_fifa_candidate_slots
DEFGHJKL,D,G,E,K,F,H,J,L,generated_from_fifa_candidate_slots
DEFGIJKL,D,F,E,K,J,I,G,L,generated_from_fifa_candidate_slots
DEFHIJKL,D,F,E,K,I,H,J,L,generated_from_fifa_candidate_slots
DEGHIJKL,D,G,E,K,I,H,J,L,generated_from_fifa_candidate_slots
DFGHIJKL,D,G,F,K,I,H,J,L,generated_from_fifa_candidate_slots
EFGHIJKL,F,G,E,K,I,H,J,L,generated_from_fifa_candidate_slots
